mona_file,status,runtime,wall_time,error
hpc-mona/uright_pb_08_pe_.mona,SUCCESS,0.00263925,0.021415233612060547,
hpc-mona/uright_pb_08_pe_.mona.rev,SUCCESS,0.002044672,0.013915061950683594,
hpc-mona/uright_pb_08_pe_.mona.rev.neg,SUCCESS,0.002562774,0.013177871704101562,
hpc-mona/po-mso-0_uright_pb_08_pe_.mona,SUCCESS,0.002460945,0.0197598934173584,
hpc-mona/po-mso-0_uright_pb_08_pe_.mona.quant,SUCCESS,0.0023911049999999997,0.0181276798248291,
hpc-mona/po-mso-0_uright_pb_08_pe_.mona.rev,SUCCESS,0.0025508840000000002,0.015933513641357422,
hpc-mona/po-mso-0_uright_pb_08_pe_.mona.rev.neg,SUCCESS,0.002434364,0.021986722946166992,
hpc-mona/po-mso-1-2_uright_pb_08_pe_.mona,SUCCESS,0.002829698,0.021407604217529297,
hpc-mona/po-mso-1-2_uright_pb_08_pe_.mona.quant,SUCCESS,0.0016224430000000003,0.021245718002319336,
hpc-mona/po-mso-1-2_uright_pb_08_pe_.mona.rev,SUCCESS,0.0017651869999999997,0.01490163803100586,
hpc-mona/po-mso-1-2_uright_pb_08_pe_.mona.rev.neg,SUCCESS,0.0018716010000000005,0.015138864517211914,
hpc-mona/po-mso-all_uright_pb_08_pe_.mona,SUCCESS,0.0015636550000000006,0.018886327743530273,
hpc-mona/po-mso-all_uright_pb_08_pe_.mona.quant,SUCCESS,0.0017946020000000002,0.022798538208007812,
hpc-mona/po-mso-all_uright_pb_08_pe_.mona.rev,SUCCESS,0.0017759859999999994,0.013681888580322266,
hpc-mona/po-mso-all_uright_pb_08_pe_.mona.rev.neg,SUCCESS,0.001764982,0.01361989974975586,
hpc-mona/uright_pb_03_pe_.mona,SUCCESS,0.0017877689999999998,0.011038541793823242,
hpc-mona/uright_pb_03_pe_.mona.rev,SUCCESS,0.0017717319999999998,0.01090693473815918,
hpc-mona/uright_pb_03_pe_.mona.rev.neg,SUCCESS,0.0015995740000000003,0.010875463485717773,
hpc-mona/po-mso-0_uright_pb_03_pe_.mona,SUCCESS,0.00156011,0.009550809860229492,
hpc-mona/po-mso-0_uright_pb_03_pe_.mona.quant,SUCCESS,0.0016836309999999997,0.010754585266113281,
hpc-mona/po-mso-0_uright_pb_03_pe_.mona.rev,SUCCESS,0.0017526280000000009,0.009827136993408203,
hpc-mona/po-mso-0_uright_pb_03_pe_.mona.rev.neg,SUCCESS,0.0018860449999999994,0.010472297668457031,
hpc-mona/po-mso-1-2_uright_pb_03_pe_.mona,SUCCESS,0.0018908550000000003,0.012152433395385742,
hpc-mona/po-mso-1-2_uright_pb_03_pe_.mona.quant,SUCCESS,0.0017352449999999998,0.010869503021240234,
hpc-mona/po-mso-1-2_uright_pb_03_pe_.mona.rev,SUCCESS,0.001720343000000001,0.010095357894897461,
hpc-mona/po-mso-1-2_uright_pb_03_pe_.mona.rev.neg,SUCCESS,0.0017035149999999992,0.012680292129516602,
hpc-mona/po-mso-all_uright_pb_03_pe_.mona,SUCCESS,0.0015983750000000008,0.008985757827758789,
hpc-mona/po-mso-all_uright_pb_03_pe_.mona.quant,SUCCESS,0.0019055899999999987,0.009832382202148438,
hpc-mona/po-mso-all_uright_pb_03_pe_.mona.rev,SUCCESS,0.001867858,0.010788440704345703,
hpc-mona/po-mso-all_uright_pb_03_pe_.mona.rev.neg,SUCCESS,0.001951594000000001,0.010888338088989258,
hpc-mona/uright_pb_02_pe_.mona,SUCCESS,0.0018956929999999986,0.009946346282958984,
hpc-mona/uright_pb_02_pe_.mona.rev,SUCCESS,0.0015194719999999991,0.00980067253112793,
hpc-mona/uright_pb_02_pe_.mona.rev.neg,SUCCESS,0.0018970979999999998,0.010465860366821289,
hpc-mona/po-mso-0_uright_pb_02_pe_.mona,SUCCESS,0.0016328890000000002,0.008544683456420898,
hpc-mona/po-mso-0_uright_pb_02_pe_.mona.quant,SUCCESS,0.0016921980000000007,0.009352922439575195,
hpc-mona/po-mso-0_uright_pb_02_pe_.mona.rev,SUCCESS,0.0017961239999999996,0.010531425476074219,
hpc-mona/po-mso-0_uright_pb_02_pe_.mona.rev.neg,SUCCESS,0.0017549450000000008,0.009623289108276367,
hpc-mona/po-mso-1-2_uright_pb_02_pe_.mona,SUCCESS,0.0018405800000000014,0.009997129440307617,
hpc-mona/po-mso-1-2_uright_pb_02_pe_.mona.quant,SUCCESS,0.002058809,0.009802818298339844,
hpc-mona/po-mso-1-2_uright_pb_02_pe_.mona.rev,SUCCESS,0.0018163329999999998,0.010883808135986328,
hpc-mona/po-mso-1-2_uright_pb_02_pe_.mona.rev.neg,SUCCESS,0.0018152529999999993,0.011817455291748047,
hpc-mona/po-mso-all_uright_pb_02_pe_.mona,SUCCESS,0.001893795999999998,0.009116411209106445,
hpc-mona/po-mso-all_uright_pb_02_pe_.mona.quant,SUCCESS,0.0018755850000000008,0.009573698043823242,
hpc-mona/po-mso-all_uright_pb_02_pe_.mona.rev,SUCCESS,0.0019565139999999995,0.00977778434753418,
hpc-mona/po-mso-all_uright_pb_02_pe_.mona.rev.neg,SUCCESS,0.0016647920000000017,0.009652137756347656,
hpc-mona/gfand_pb_19_pe_.mona,ERROR,0.0019381329999999981,5.5079920291900635,
hpc-mona/gfand_pb_19_pe_.mona.rev,ERROR,0.0019819519999999986,5.2157275676727295,
hpc-mona/gfand_pb_19_pe_.mona.rev.neg,ERROR,0.001679706999999999,5.580545425415039,
hpc-mona/po-mso-0_gfand_pb_19_pe_.mona,ERROR,0.0016587870000000001,5.4432830810546875,
hpc-mona/po-mso-0_gfand_pb_19_pe_.mona.quant,ERROR,0.0018512809999999998,5.371468544006348,
hpc-mona/po-mso-0_gfand_pb_19_pe_.mona.rev,ERROR,0.0017123190000000003,5.182489633560181,
hpc-mona/po-mso-0_gfand_pb_19_pe_.mona.rev.neg,ERROR,0.0018012000000000028,5.543757438659668,
hpc-mona/po-mso-1-2_gfand_pb_19_pe_.mona,ERROR,0.001970566,5.5258777141571045,
hpc-mona/po-mso-1-2_gfand_pb_19_pe_.mona.quant,SUCCESS,0.001896819000000001,7.227796792984009,
hpc-mona/po-mso-1-2_gfand_pb_19_pe_.mona.rev,ERROR,0.0020305450000000017,4.9996232986450195,
hpc-mona/po-mso-1-2_gfand_pb_19_pe_.mona.rev.neg,ERROR,0.0018127429999999986,4.2687366008758545,
hpc-mona/po-mso-all_gfand_pb_19_pe_.mona,ERROR,0.001816395999999998,5.168092489242554,
hpc-mona/po-mso-all_gfand_pb_19_pe_.mona.quant,SUCCESS,0.001984072,7.68373966217041,
hpc-mona/po-mso-all_gfand_pb_19_pe_.mona.rev,ERROR,0.0020235780000000016,5.232407808303833,
hpc-mona/po-mso-all_gfand_pb_19_pe_.mona.rev.neg,ERROR,0.002082043000000002,4.970396995544434,
hpc-mona/gfand_pb_10_pe_.mona,SUCCESS,0.0020915599999999993,0.020960330963134766,
hpc-mona/gfand_pb_10_pe_.mona.rev,SUCCESS,0.002113008999999999,0.02551412582397461,
hpc-mona/gfand_pb_10_pe_.mona.rev.neg,SUCCESS,0.0022295500000000003,0.026070356369018555,
hpc-mona/po-mso-0_gfand_pb_10_pe_.mona,SUCCESS,0.0022577080000000006,0.027276039123535156,
hpc-mona/po-mso-0_gfand_pb_10_pe_.mona.quant,SUCCESS,0.002368292000000001,0.025513410568237305,
hpc-mona/po-mso-0_gfand_pb_10_pe_.mona.rev,SUCCESS,0.0023780690000000035,0.023131847381591797,
hpc-mona/po-mso-0_gfand_pb_10_pe_.mona.rev.neg,SUCCESS,0.002209453,0.024030208587646484,
hpc-mona/po-mso-1-2_gfand_pb_10_pe_.mona,SUCCESS,0.0023523590000000053,0.028295040130615234,
hpc-mona/po-mso-1-2_gfand_pb_10_pe_.mona.quant,SUCCESS,0.002830699000000006,0.017802715301513672,
hpc-mona/po-mso-1-2_gfand_pb_10_pe_.mona.rev,SUCCESS,0.0021933770000000033,0.023993968963623047,
hpc-mona/po-mso-1-2_gfand_pb_10_pe_.mona.rev.neg,SUCCESS,0.002229525000000003,0.023831844329833984,
hpc-mona/po-mso-all_gfand_pb_10_pe_.mona,SUCCESS,0.0022641070000000013,0.023077726364135742,
hpc-mona/po-mso-all_gfand_pb_10_pe_.mona.quant,SUCCESS,0.002250374999999999,0.016275644302368164,
hpc-mona/po-mso-all_gfand_pb_10_pe_.mona.rev,SUCCESS,0.002191326999999993,0.023863554000854492,
hpc-mona/po-mso-all_gfand_pb_10_pe_.mona.rev.neg,SUCCESS,0.002280101999999992,0.024412870407104492,
hpc-mona/uright_pb_07_pe_.mona,SUCCESS,0.0023297239999999996,0.01647019386291504,
hpc-mona/uright_pb_07_pe_.mona.rev,SUCCESS,0.002189506,0.012225866317749023,
hpc-mona/uright_pb_07_pe_.mona.rev.neg,SUCCESS,0.002221642,0.011493921279907227,
hpc-mona/po-mso-0_uright_pb_07_pe_.mona,SUCCESS,0.0024274840000000006,0.014543533325195312,
hpc-mona/po-mso-0_uright_pb_07_pe_.mona.quant,SUCCESS,0.0021433290000000002,0.020252466201782227,
hpc-mona/po-mso-0_uright_pb_07_pe_.mona.rev,SUCCESS,0.002632169,0.012799263000488281,
hpc-mona/po-mso-0_uright_pb_07_pe_.mona.rev.neg,SUCCESS,0.002394613,0.01366734504699707,
hpc-mona/po-mso-1-2_uright_pb_07_pe_.mona,SUCCESS,0.0025227389999999995,0.018910646438598633,
hpc-mona/po-mso-1-2_uright_pb_07_pe_.mona.quant,SUCCESS,0.001678334,0.015135049819946289,
hpc-mona/po-mso-1-2_uright_pb_07_pe_.mona.rev,SUCCESS,0.001599016,0.012174844741821289,
hpc-mona/po-mso-1-2_uright_pb_07_pe_.mona.rev.neg,SUCCESS,0.0017170449999999995,0.01267552375793457,
hpc-mona/po-mso-all_uright_pb_07_pe_.mona,SUCCESS,0.0019659610000000004,0.014724493026733398,
hpc-mona/po-mso-all_uright_pb_07_pe_.mona.quant,SUCCESS,0.001726712,0.015168905258178711,
hpc-mona/po-mso-all_uright_pb_07_pe_.mona.rev,SUCCESS,0.001838086,0.0123748779296875,
hpc-mona/po-mso-all_uright_pb_07_pe_.mona.rev.neg,SUCCESS,0.0016601690000000004,0.012331485748291016,
hpc-mona/uright_pb_01_pe_.mona,SUCCESS,0.0017648819999999997,0.010052919387817383,
hpc-mona/uright_pb_01_pe_.mona.rev,SUCCESS,0.0016542839999999998,0.008875846862792969,
hpc-mona/uright_pb_01_pe_.mona.rev.neg,SUCCESS,0.0016369389999999996,0.00791168212890625,
hpc-mona/po-mso-0_uright_pb_01_pe_.mona,SUCCESS,0.001927204,0.008896112442016602,
hpc-mona/po-mso-0_uright_pb_01_pe_.mona.quant,SUCCESS,0.0017133419999999996,0.007756710052490234,
hpc-mona/po-mso-0_uright_pb_01_pe_.mona.rev,SUCCESS,0.0016982130000000005,0.008354425430297852,
hpc-mona/po-mso-0_uright_pb_01_pe_.mona.rev.neg,SUCCESS,0.0017684069999999996,0.009803056716918945,
hpc-mona/po-mso-1-2_uright_pb_01_pe_.mona,SUCCESS,0.0016323169999999994,0.007720470428466797,
hpc-mona/po-mso-1-2_uright_pb_01_pe_.mona.quant,SUCCESS,0.0016929679999999996,0.007274150848388672,
hpc-mona/po-mso-1-2_uright_pb_01_pe_.mona.rev,SUCCESS,0.001963187,0.007827281951904297,
hpc-mona/po-mso-1-2_uright_pb_01_pe_.mona.rev.neg,SUCCESS,0.0019034619999999999,0.008810758590698242,
hpc-mona/po-mso-all_uright_pb_01_pe_.mona,SUCCESS,0.002004548,0.010576725006103516,
hpc-mona/po-mso-all_uright_pb_01_pe_.mona.quant,SUCCESS,0.001796065999999999,0.008729934692382812,
hpc-mona/po-mso-all_uright_pb_01_pe_.mona.rev,SUCCESS,0.0017347019999999994,0.007950305938720703,
hpc-mona/po-mso-all_uright_pb_01_pe_.mona.rev.neg,SUCCESS,0.001632610999999999,0.008145332336425781,
hpc-mona/uright_pb_18_pe_.mona,ERROR,0.001781913999999999,39.34236669540405,
hpc-mona/uright_pb_18_pe_.mona.rev,SUCCESS,0.0017695720000000005,0.024736881256103516,
hpc-mona/uright_pb_18_pe_.mona.rev.neg,SUCCESS,0.001940064,0.027571916580200195,
hpc-mona/po-mso-0_uright_pb_18_pe_.mona,ERROR,0.0018478639999999994,45.0030996799469,
hpc-mona/po-mso-0_uright_pb_18_pe_.mona.quant,ERROR,0.0017899279999999997,49.47020626068115,
hpc-mona/po-mso-0_uright_pb_18_pe_.mona.rev,SUCCESS,0.0018065809999999998,0.023532629013061523,
hpc-mona/po-mso-0_uright_pb_18_pe_.mona.rev.neg,SUCCESS,0.0016983099999999998,0.024898290634155273,
hpc-mona/po-mso-1-2_uright_pb_18_pe_.mona,ERROR,0.0019541090000000007,42.43392777442932,
hpc-mona/po-mso-1-2_uright_pb_18_pe_.mona.quant,ERROR,0.002024762000000001,41.67344522476196,
hpc-mona/po-mso-1-2_uright_pb_18_pe_.mona.rev,SUCCESS,0.0019232220000000005,0.026688814163208008,
hpc-mona/po-mso-1-2_uright_pb_18_pe_.mona.rev.neg,SUCCESS,0.002080953,0.024992704391479492,
hpc-mona/po-mso-all_uright_pb_18_pe_.mona,ERROR,0.0019347549999999998,43.3383150100708,
hpc-mona/po-mso-all_uright_pb_18_pe_.mona.quant,SUCCESS,0.0023399210000000017,41.46389174461365,
hpc-mona/po-mso-all_uright_pb_18_pe_.mona.rev,SUCCESS,0.0019449939999999985,0.022922515869140625,
hpc-mona/po-mso-all_uright_pb_18_pe_.mona.rev.neg,SUCCESS,0.002154582000000002,0.024255752563476562,
hpc-mona/gfand_pb_03_pe_.mona,SUCCESS,0.002126173000000002,0.009752750396728516,
hpc-mona/gfand_pb_03_pe_.mona.rev,SUCCESS,0.0021194149999999995,0.009796142578125,
hpc-mona/gfand_pb_03_pe_.mona.rev.neg,SUCCESS,0.002004611,0.009164810180664062,
hpc-mona/po-mso-0_gfand_pb_03_pe_.mona,SUCCESS,0.002045202000000003,0.009510278701782227,
hpc-mona/po-mso-0_gfand_pb_03_pe_.mona.quant,SUCCESS,0.002038136000000003,0.009463071823120117,
hpc-mona/po-mso-0_gfand_pb_03_pe_.mona.rev,SUCCESS,0.0020117710000000025,0.009694576263427734,
hpc-mona/po-mso-0_gfand_pb_03_pe_.mona.rev.neg,SUCCESS,0.0021096300000000012,0.010306358337402344,
hpc-mona/po-mso-1-2_gfand_pb_03_pe_.mona,SUCCESS,0.0020063889999999973,0.009598970413208008,
hpc-mona/po-mso-1-2_gfand_pb_03_pe_.mona.quant,SUCCESS,0.0019933149999999955,0.009627819061279297,
hpc-mona/po-mso-1-2_gfand_pb_03_pe_.mona.rev,SUCCESS,0.001982164999999994,0.00905466079711914,
hpc-mona/po-mso-1-2_gfand_pb_03_pe_.mona.rev.neg,SUCCESS,0.0020101000000000008,0.009473323822021484,
hpc-mona/po-mso-all_gfand_pb_03_pe_.mona,SUCCESS,0.0020220120000000036,0.009454011917114258,
hpc-mona/po-mso-all_gfand_pb_03_pe_.mona.quant,SUCCESS,0.002040106,0.009298324584960938,
hpc-mona/po-mso-all_gfand_pb_03_pe_.mona.rev,SUCCESS,0.001975275999999998,0.009275197982788086,
hpc-mona/po-mso-all_gfand_pb_03_pe_.mona.rev.neg,SUCCESS,0.0021157429999999963,0.01021575927734375,
hpc-mona/gfand_pb_14_pe_.mona,SUCCESS,0.002143036000000001,0.3835620880126953,
hpc-mona/gfand_pb_14_pe_.mona.rev,SUCCESS,0.0020624440000000105,0.36634302139282227,
hpc-mona/gfand_pb_14_pe_.mona.rev.neg,SUCCESS,0.0020872960000000024,0.3586769104003906,
hpc-mona/po-mso-0_gfand_pb_14_pe_.mona,SUCCESS,0.0020883710000000055,0.3767273426055908,
hpc-mona/po-mso-0_gfand_pb_14_pe_.mona.quant,SUCCESS,0.002297858,0.37271666526794434,
hpc-mona/po-mso-0_gfand_pb_14_pe_.mona.rev,SUCCESS,0.002027292,0.3333089351654053,
hpc-mona/po-mso-0_gfand_pb_14_pe_.mona.rev.neg,SUCCESS,0.002072644999999998,0.3466916084289551,
hpc-mona/po-mso-1-2_gfand_pb_14_pe_.mona,SUCCESS,0.0020496850000000094,0.32602691650390625,
hpc-mona/po-mso-1-2_gfand_pb_14_pe_.mona.quant,SUCCESS,0.0020403479999999974,0.1435999870300293,
hpc-mona/po-mso-1-2_gfand_pb_14_pe_.mona.rev,SUCCESS,0.002048468999999997,0.34306836128234863,
hpc-mona/po-mso-1-2_gfand_pb_14_pe_.mona.rev.neg,SUCCESS,0.0020353000000000038,0.3658897876739502,
hpc-mona/po-mso-all_gfand_pb_14_pe_.mona,SUCCESS,0.0021409629999999957,0.3658742904663086,
hpc-mona/po-mso-all_gfand_pb_14_pe_.mona.quant,SUCCESS,0.002164603000000001,0.15201950073242188,
hpc-mona/po-mso-all_gfand_pb_14_pe_.mona.rev,SUCCESS,0.002738705000000008,0.33487415313720703,
hpc-mona/po-mso-all_gfand_pb_14_pe_.mona.rev.neg,SUCCESS,0.0019839329999999933,0.3417849540710449,
hpc-mona/uright_pb_17_pe_.mona,SUCCESS,0.002218192,19.28683876991272,
hpc-mona/uright_pb_17_pe_.mona.rev,SUCCESS,0.0021094520000000004,0.026560306549072266,
hpc-mona/uright_pb_17_pe_.mona.rev.neg,SUCCESS,0.0024522180000000004,0.021819114685058594,
hpc-mona/po-mso-0_uright_pb_17_pe_.mona,SUCCESS,0.0024449440000000005,19.417186975479126,
hpc-mona/po-mso-0_uright_pb_17_pe_.mona.quant,SUCCESS,0.0025665720000000005,19.116117238998413,
hpc-mona/po-mso-0_uright_pb_17_pe_.mona.rev,SUCCESS,0.0022212969999999997,0.03058767318725586,
hpc-mona/po-mso-0_uright_pb_17_pe_.mona.rev.neg,SUCCESS,0.0023069939999999997,0.02854156494140625,
hpc-mona/po-mso-1-2_uright_pb_17_pe_.mona,SUCCESS,0.002666017,19.319267988204956,
hpc-mona/po-mso-1-2_uright_pb_17_pe_.mona.quant,SUCCESS,0.001835598,19.844319343566895,
hpc-mona/po-mso-1-2_uright_pb_17_pe_.mona.rev,SUCCESS,0.0017762400000000001,0.02182936668395996,
hpc-mona/po-mso-1-2_uright_pb_17_pe_.mona.rev.neg,SUCCESS,0.001991876,0.024420499801635742,
hpc-mona/po-mso-all_uright_pb_17_pe_.mona,SUCCESS,0.0018606690000000006,19.147364616394043,
hpc-mona/po-mso-all_uright_pb_17_pe_.mona.quant,SUCCESS,0.0018465459999999993,18.95423650741577,
hpc-mona/po-mso-all_uright_pb_17_pe_.mona.rev,SUCCESS,0.00205636,0.0246427059173584,
hpc-mona/po-mso-all_uright_pb_17_pe_.mona.rev.neg,SUCCESS,0.002409696000000001,0.024486541748046875,
hpc-mona/uright_pb_06_pe_.mona,SUCCESS,0.002332444999999999,0.01460576057434082,
hpc-mona/uright_pb_06_pe_.mona.rev,SUCCESS,0.002289243,0.01325845718383789,
hpc-mona/uright_pb_06_pe_.mona.rev.neg,SUCCESS,0.0022802259999999998,0.013971090316772461,
hpc-mona/po-mso-0_uright_pb_06_pe_.mona,SUCCESS,0.0023895310000000003,0.013998270034790039,
hpc-mona/po-mso-0_uright_pb_06_pe_.mona.quant,SUCCESS,0.002224684000000001,0.014065265655517578,
hpc-mona/po-mso-0_uright_pb_06_pe_.mona.rev,SUCCESS,0.0021927830000000002,0.012740612030029297,
hpc-mona/po-mso-0_uright_pb_06_pe_.mona.rev.neg,SUCCESS,0.0022349690000000033,0.013483524322509766,
hpc-mona/po-mso-1-2_uright_pb_06_pe_.mona,SUCCESS,0.0021713390000000013,0.013736248016357422,
hpc-mona/po-mso-1-2_uright_pb_06_pe_.mona.quant,SUCCESS,0.002124899999999999,0.013761520385742188,
hpc-mona/po-mso-1-2_uright_pb_06_pe_.mona.rev,SUCCESS,0.0021812729999999975,0.012687206268310547,
hpc-mona/po-mso-1-2_uright_pb_06_pe_.mona.rev.neg,SUCCESS,0.0022139950000000033,0.012389183044433594,
hpc-mona/po-mso-all_uright_pb_06_pe_.mona,SUCCESS,0.0022291629999999993,0.013751745223999023,
hpc-mona/po-mso-all_uright_pb_06_pe_.mona.quant,SUCCESS,0.002225139000000001,0.013782024383544922,
hpc-mona/po-mso-all_uright_pb_06_pe_.mona.rev,SUCCESS,0.002170946,0.01322484016418457,
hpc-mona/po-mso-all_uright_pb_06_pe_.mona.rev.neg,SUCCESS,0.002357079000000005,0.013760805130004883,
hpc-mona/uright_pb_11_pe_.mona,SUCCESS,0.002237454,0.1301727294921875,
hpc-mona/uright_pb_11_pe_.mona.rev,SUCCESS,0.0020507599999999987,0.014768838882446289,
hpc-mona/uright_pb_11_pe_.mona.rev.neg,SUCCESS,0.0021656759999999914,0.015319585800170898,
hpc-mona/po-mso-0_uright_pb_11_pe_.mona,SUCCESS,0.0020617549999999985,0.11309289932250977,
hpc-mona/po-mso-0_uright_pb_11_pe_.mona.quant,SUCCESS,0.0020267220000000086,0.11148977279663086,
hpc-mona/po-mso-0_uright_pb_11_pe_.mona.rev,SUCCESS,0.001979522999999997,0.014522552490234375,
hpc-mona/po-mso-0_uright_pb_11_pe_.mona.rev.neg,SUCCESS,0.002016707999999992,0.014758825302124023,
hpc-mona/po-mso-1-2_uright_pb_11_pe_.mona,SUCCESS,0.0021435790000000066,0.11648225784301758,
hpc-mona/po-mso-1-2_uright_pb_11_pe_.mona.quant,SUCCESS,0.0020907909999999946,0.12285041809082031,
hpc-mona/po-mso-1-2_uright_pb_11_pe_.mona.rev,SUCCESS,0.002222945000000004,0.014881372451782227,
hpc-mona/po-mso-1-2_uright_pb_11_pe_.mona.rev.neg,SUCCESS,0.0020230710000000013,0.014219999313354492,
hpc-mona/po-mso-all_uright_pb_11_pe_.mona,SUCCESS,0.0021135109999999985,0.10704255104064941,
hpc-mona/po-mso-all_uright_pb_11_pe_.mona.quant,SUCCESS,0.0020727869999999926,0.11450457572937012,
hpc-mona/po-mso-all_uright_pb_11_pe_.mona.rev,SUCCESS,0.002009380000000005,0.01401519775390625,
hpc-mona/po-mso-all_uright_pb_11_pe_.mona.rev.neg,SUCCESS,0.001969722000000007,0.013992547988891602,
hpc-mona/gfand_pb_16_pe_.mona,SUCCESS,0.002015698999999996,2.031745195388794,
hpc-mona/gfand_pb_16_pe_.mona.rev,SUCCESS,0.0020425149999999948,1.9417734146118164,
hpc-mona/gfand_pb_16_pe_.mona.rev.neg,SUCCESS,0.0021106820000000026,1.937445878982544,
hpc-mona/po-mso-0_gfand_pb_16_pe_.mona,SUCCESS,0.0021183240000000048,1.996199369430542,
hpc-mona/po-mso-0_gfand_pb_16_pe_.mona.quant,SUCCESS,0.002191679000000002,1.9778642654418945,
hpc-mona/po-mso-0_gfand_pb_16_pe_.mona.rev,SUCCESS,0.0030532989999999954,1.8506660461425781,
hpc-mona/po-mso-0_gfand_pb_16_pe_.mona.rev.neg,SUCCESS,0.0020160230000000057,1.8717479705810547,
hpc-mona/po-mso-1-2_gfand_pb_16_pe_.mona,SUCCESS,0.0020387729999999937,1.9120166301727295,
hpc-mona/po-mso-1-2_gfand_pb_16_pe_.mona.quant,SUCCESS,0.002223500999999989,0.749295711517334,
hpc-mona/po-mso-1-2_gfand_pb_16_pe_.mona.rev,SUCCESS,0.0020211460000000014,1.8457579612731934,
hpc-mona/po-mso-1-2_gfand_pb_16_pe_.mona.rev.neg,SUCCESS,0.0019542099999999996,2.002669095993042,
hpc-mona/po-mso-all_gfand_pb_16_pe_.mona,SUCCESS,0.002038819,2.0382468700408936,
hpc-mona/po-mso-all_gfand_pb_16_pe_.mona.quant,SUCCESS,0.002013830999999999,0.7712666988372803,
hpc-mona/po-mso-all_gfand_pb_16_pe_.mona.rev,SUCCESS,0.0019984599999999996,1.989837408065796,
hpc-mona/po-mso-all_gfand_pb_16_pe_.mona.rev.neg,SUCCESS,0.0020733060000000005,2.0562939643859863,
hpc-mona/uright_pb_14_pe_.mona,SUCCESS,0.0021538239999999986,1.7473654747009277,
hpc-mona/uright_pb_14_pe_.mona.rev,SUCCESS,0.0018901919999999997,0.015467166900634766,
hpc-mona/uright_pb_14_pe_.mona.rev.neg,SUCCESS,0.0019974769999999992,0.015837669372558594,
hpc-mona/po-mso-0_uright_pb_14_pe_.mona,SUCCESS,0.0020206839999999983,1.7671780586242676,
hpc-mona/po-mso-0_uright_pb_14_pe_.mona.quant,SUCCESS,0.0021063379999999993,1.6434152126312256,
hpc-mona/po-mso-0_uright_pb_14_pe_.mona.rev,SUCCESS,0.0021761409999999995,0.01772594451904297,
hpc-mona/po-mso-0_uright_pb_14_pe_.mona.rev.neg,SUCCESS,0.001984309,0.01580357551574707,
hpc-mona/po-mso-1-2_uright_pb_14_pe_.mona,SUCCESS,0.0020292650000000023,1.6958038806915283,
hpc-mona/po-mso-1-2_uright_pb_14_pe_.mona.quant,SUCCESS,0.001974875000000001,1.8241205215454102,
hpc-mona/po-mso-1-2_uright_pb_14_pe_.mona.rev,SUCCESS,0.002015794999999999,0.016153335571289062,
hpc-mona/po-mso-1-2_uright_pb_14_pe_.mona.rev.neg,SUCCESS,0.001883592999999989,0.01787281036376953,
hpc-mona/po-mso-all_uright_pb_14_pe_.mona,SUCCESS,0.0019555560000000007,1.3644862174987793,
hpc-mona/po-mso-all_uright_pb_14_pe_.mona.quant,SUCCESS,0.001841089000000018,1.2562346458435059,
hpc-mona/po-mso-all_uright_pb_14_pe_.mona.rev,SUCCESS,0.0020184929999999997,0.016427040100097656,
hpc-mona/po-mso-all_uright_pb_14_pe_.mona.rev.neg,SUCCESS,0.0020036029999999996,0.01667022705078125,
hpc-mona/uright_pb_13_pe_.mona,SUCCESS,0.0029413119999999997,0.8370013236999512,
hpc-mona/uright_pb_13_pe_.mona.rev,SUCCESS,0.002597352,0.02543020248413086,
hpc-mona/uright_pb_13_pe_.mona.rev.neg,SUCCESS,0.0024535569999999994,0.026766300201416016,
hpc-mona/po-mso-0_uright_pb_13_pe_.mona,SUCCESS,0.0028353270000000003,0.8010222911834717,
hpc-mona/po-mso-0_uright_pb_13_pe_.mona.quant,SUCCESS,0.00288238,0.8134551048278809,
hpc-mona/po-mso-0_uright_pb_13_pe_.mona.rev,SUCCESS,0.0026841099999999995,0.027044296264648438,
hpc-mona/po-mso-0_uright_pb_13_pe_.mona.rev.neg,SUCCESS,0.002535406,0.032620906829833984,
hpc-mona/po-mso-1-2_uright_pb_13_pe_.mona,SUCCESS,0.002853724,0.8162961006164551,
hpc-mona/po-mso-1-2_uright_pb_13_pe_.mona.quant,SUCCESS,0.0019340089999999996,0.8765678405761719,
hpc-mona/po-mso-1-2_uright_pb_13_pe_.mona.rev,SUCCESS,0.001768942,0.022965431213378906,
hpc-mona/po-mso-1-2_uright_pb_13_pe_.mona.rev.neg,SUCCESS,0.0020708409999999995,0.02066636085510254,
hpc-mona/po-mso-all_uright_pb_13_pe_.mona,SUCCESS,0.001764326,0.7941999435424805,
hpc-mona/po-mso-all_uright_pb_13_pe_.mona.quant,SUCCESS,0.002011937,0.8061733245849609,
hpc-mona/po-mso-all_uright_pb_13_pe_.mona.rev,SUCCESS,0.0022745400000000002,0.04916954040527344,
hpc-mona/po-mso-all_uright_pb_13_pe_.mona.rev.neg,SUCCESS,0.0022833309999999996,0.01989459991455078,
hpc-mona/gfand_pb_07_pe_.mona,SUCCESS,0.0025033400000000015,0.02030158042907715,
hpc-mona/gfand_pb_07_pe_.mona.rev,SUCCESS,0.002487580000000003,0.013881683349609375,
hpc-mona/gfand_pb_07_pe_.mona.rev.neg,SUCCESS,0.0023153500000000007,0.0184786319732666,
hpc-mona/po-mso-0_gfand_pb_07_pe_.mona,SUCCESS,0.0022978290000000012,0.014043092727661133,
hpc-mona/po-mso-0_gfand_pb_07_pe_.mona.quant,SUCCESS,0.0023260699999999995,0.03457784652709961,
hpc-mona/po-mso-0_gfand_pb_07_pe_.mona.rev,SUCCESS,0.002742427999999998,0.015821456909179688,
hpc-mona/po-mso-0_gfand_pb_07_pe_.mona.rev.neg,SUCCESS,0.002265679999999999,0.017573118209838867,
hpc-mona/po-mso-1-2_gfand_pb_07_pe_.mona,SUCCESS,0.002154552000000004,0.011568784713745117,
hpc-mona/po-mso-1-2_gfand_pb_07_pe_.mona.quant,SUCCESS,0.002057055000000002,0.011454343795776367,
hpc-mona/po-mso-1-2_gfand_pb_07_pe_.mona.rev,SUCCESS,0.0021708869999999963,0.011684179306030273,
hpc-mona/po-mso-1-2_gfand_pb_07_pe_.mona.rev.neg,SUCCESS,0.0021012899999999987,0.011723995208740234,
hpc-mona/po-mso-all_gfand_pb_07_pe_.mona,SUCCESS,0.0021744689999999983,0.011038780212402344,
hpc-mona/po-mso-all_gfand_pb_07_pe_.mona.quant,SUCCESS,0.002096138999999997,0.010676145553588867,
hpc-mona/po-mso-all_gfand_pb_07_pe_.mona.rev,SUCCESS,0.0021831599999999965,0.012185811996459961,
hpc-mona/po-mso-all_gfand_pb_07_pe_.mona.rev.neg,SUCCESS,0.0021180530000000017,0.012144327163696289,
hpc-mona/gfand_pb_02_pe_.mona,SUCCESS,0.0022606280000000076,0.00943756103515625,
hpc-mona/gfand_pb_02_pe_.mona.rev,SUCCESS,0.002088845000000006,0.009578227996826172,
hpc-mona/gfand_pb_02_pe_.mona.rev.neg,SUCCESS,0.0021206809999999993,0.009718894958496094,
hpc-mona/po-mso-0_gfand_pb_02_pe_.mona,SUCCESS,0.002093612999999994,0.009360074996948242,
hpc-mona/po-mso-0_gfand_pb_02_pe_.mona.quant,SUCCESS,0.002175002000000009,0.008759021759033203,
hpc-mona/po-mso-0_gfand_pb_02_pe_.mona.rev,SUCCESS,0.0019915949999999988,0.009422540664672852,
hpc-mona/po-mso-0_gfand_pb_02_pe_.mona.rev.neg,SUCCESS,0.0020198160000000076,0.008675098419189453,
hpc-mona/po-mso-1-2_gfand_pb_02_pe_.mona,SUCCESS,0.0023559820000000065,0.009409666061401367,
hpc-mona/po-mso-1-2_gfand_pb_02_pe_.mona.quant,SUCCESS,0.0020479340000000013,0.008784770965576172,
hpc-mona/po-mso-1-2_gfand_pb_02_pe_.mona.rev,SUCCESS,0.002195555000000002,0.009801626205444336,
hpc-mona/po-mso-1-2_gfand_pb_02_pe_.mona.rev.neg,SUCCESS,0.0020073919999999967,0.00901937484741211,
hpc-mona/po-mso-all_gfand_pb_02_pe_.mona,SUCCESS,0.0020130530000000008,0.008601188659667969,
hpc-mona/po-mso-all_gfand_pb_02_pe_.mona.quant,SUCCESS,0.0020166350000000027,0.008882999420166016,
hpc-mona/po-mso-all_gfand_pb_02_pe_.mona.rev,SUCCESS,0.001944557999999999,0.008534669876098633,
hpc-mona/po-mso-all_gfand_pb_02_pe_.mona.rev.neg,SUCCESS,0.0020304299999999997,0.009690046310424805,
hpc-mona/uright_pb_20_pe_.mona,ERROR,0.0021482010000000024,65.8236095905304,
hpc-mona/uright_pb_20_pe_.mona.rev,SUCCESS,0.002166846,0.029942750930786133,
hpc-mona/uright_pb_20_pe_.mona.rev.neg,SUCCESS,0.002124303,0.028102636337280273,
hpc-mona/po-mso-0_uright_pb_20_pe_.mona,ERROR,0.0020561420000000004,60.15449786186218,
hpc-mona/po-mso-0_uright_pb_20_pe_.mona.quant,ERROR,0.002061208,64.38701844215393,
hpc-mona/po-mso-0_uright_pb_20_pe_.mona.rev,SUCCESS,0.0020477180000000005,0.024338245391845703,
hpc-mona/po-mso-0_uright_pb_20_pe_.mona.rev.neg,SUCCESS,0.0018993640000000006,0.024076223373413086,
hpc-mona/po-mso-1-2_uright_pb_20_pe_.mona,ERROR,0.002081742000000001,63.39872407913208,
hpc-mona/po-mso-1-2_uright_pb_20_pe_.mona.quant,ERROR,0.0021389670000000003,71.95080351829529,
hpc-mona/po-mso-1-2_uright_pb_20_pe_.mona.rev,SUCCESS,0.002197567000000001,0.028037071228027344,
hpc-mona/po-mso-1-2_uright_pb_20_pe_.mona.rev.neg,SUCCESS,0.001922287,0.035729408264160156,
hpc-mona/po-mso-all_uright_pb_20_pe_.mona,ERROR,0.0021673739999999997,66.3148934841156,
hpc-mona/po-mso-all_uright_pb_20_pe_.mona.quant,ERROR,0.002064202000000001,67.98088145256042,
hpc-mona/po-mso-all_uright_pb_20_pe_.mona.rev,SUCCESS,0.0021552949999999998,0.02712845802307129,
hpc-mona/po-mso-all_uright_pb_20_pe_.mona.rev.neg,SUCCESS,0.002193075000000001,0.029674291610717773,
hpc-mona/uright_pb_04_pe_.mona,SUCCESS,0.0022969579999999983,0.011963129043579102,
hpc-mona/uright_pb_04_pe_.mona.rev,SUCCESS,0.0022857280000000008,0.012128353118896484,
hpc-mona/uright_pb_04_pe_.mona.rev.neg,SUCCESS,0.0023282099999999972,0.01238560676574707,
hpc-mona/po-mso-0_uright_pb_04_pe_.mona,SUCCESS,0.0022795480000000028,0.012015581130981445,
hpc-mona/po-mso-0_uright_pb_04_pe_.mona.quant,SUCCESS,0.0023300890000000005,0.011911869049072266,
hpc-mona/po-mso-0_uright_pb_04_pe_.mona.rev,SUCCESS,0.002378957000000001,0.011887311935424805,
hpc-mona/po-mso-0_uright_pb_04_pe_.mona.rev.neg,SUCCESS,0.0024203989999999967,0.012105226516723633,
hpc-mona/po-mso-1-2_uright_pb_04_pe_.mona,SUCCESS,0.002281498,0.012050628662109375,
hpc-mona/po-mso-1-2_uright_pb_04_pe_.mona.quant,SUCCESS,0.0023505880000000007,0.012000083923339844,
hpc-mona/po-mso-1-2_uright_pb_04_pe_.mona.rev,SUCCESS,0.0022246599999999964,0.012099266052246094,
hpc-mona/po-mso-1-2_uright_pb_04_pe_.mona.rev.neg,SUCCESS,0.0026169040000000032,0.011766433715820312,
hpc-mona/po-mso-all_uright_pb_04_pe_.mona,SUCCESS,0.002525980000000004,0.011837959289550781,
hpc-mona/po-mso-all_uright_pb_04_pe_.mona.quant,SUCCESS,0.0022661749999999953,0.011613130569458008,
hpc-mona/po-mso-all_uright_pb_04_pe_.mona.rev,SUCCESS,0.0022975390000000012,0.012355327606201172,
hpc-mona/po-mso-all_uright_pb_04_pe_.mona.rev.neg,SUCCESS,0.002313968999999999,0.011898994445800781,
hpc-mona/126.mona,SUCCESS,0.0024871449999999996,0.15959548950195312,
hpc-mona/126.mona.rev,SUCCESS,0.002363057,0.11024188995361328,
hpc-mona/126.mona.rev.neg,SUCCESS,0.00277433,0.10773110389709473,
hpc-mona/po-mso-0_126.mona,SUCCESS,0.002540782,0.15821576118469238,
hpc-mona/po-mso-0_126.mona.quant,SUCCESS,0.0027327790000000003,0.16642308235168457,
hpc-mona/po-mso-0_126.mona.rev,SUCCESS,0.002655846,0.10590267181396484,
hpc-mona/po-mso-0_126.mona.rev.neg,SUCCESS,0.0027149229999999997,0.10573554039001465,
hpc-mona/po-mso-1-2_126.mona,SUCCESS,0.002509118,0.1584162712097168,
hpc-mona/po-mso-1-2_126.mona.quant,SUCCESS,0.0021091269999999997,0.14050865173339844,
hpc-mona/po-mso-1-2_126.mona.rev,SUCCESS,0.002106747000000001,0.09767603874206543,
hpc-mona/po-mso-1-2_126.mona.rev.neg,SUCCESS,0.0020567989999999998,0.09689640998840332,
hpc-mona/po-mso-all_126.mona,SUCCESS,0.002089191,0.1643507480621338,
hpc-mona/po-mso-all_126.mona.quant,SUCCESS,0.0020305469999999997,0.12789702415466309,
hpc-mona/po-mso-all_126.mona.rev,SUCCESS,0.0021716060000000004,0.10293912887573242,
hpc-mona/po-mso-all_126.mona.rev.neg,SUCCESS,0.00200116,0.10659003257751465,
hpc-mona/164.mona,SUCCESS,0.0020054900000000004,0.13537144660949707,
hpc-mona/164.mona.rev,SUCCESS,0.002023509999999999,0.11156463623046875,
hpc-mona/164.mona.rev.neg,SUCCESS,0.0019531830000000007,0.1068875789642334,
hpc-mona/po-mso-0_164.mona,SUCCESS,0.002157648,0.1423048973083496,
hpc-mona/po-mso-0_164.mona.quant,SUCCESS,0.0021435340000000008,0.13739991188049316,
hpc-mona/po-mso-0_164.mona.rev,SUCCESS,0.001913049,0.10671734809875488,
hpc-mona/po-mso-0_164.mona.rev.neg,SUCCESS,0.001975895,0.10494756698608398,
hpc-mona/po-mso-1-2_164.mona,SUCCESS,0.002137664000000001,0.13718938827514648,
hpc-mona/po-mso-1-2_164.mona.quant,SUCCESS,0.0021004940000000014,0.1381986141204834,
hpc-mona/po-mso-1-2_164.mona.rev,SUCCESS,0.002033944999999999,0.10456180572509766,
hpc-mona/po-mso-1-2_164.mona.rev.neg,SUCCESS,0.0019430719999999988,0.1042487621307373,
hpc-mona/po-mso-all_164.mona,SUCCESS,0.002100032,0.13529086112976074,
hpc-mona/po-mso-all_164.mona.quant,SUCCESS,0.0019619019999999997,0.13582229614257812,
hpc-mona/po-mso-all_164.mona.rev,SUCCESS,0.0019977880000000003,0.10412931442260742,
hpc-mona/po-mso-all_164.mona.rev.neg,SUCCESS,0.0020437400000000005,0.10476517677307129,
hpc-mona/26.mona,SUCCESS,0.0020365589999999986,0.016000986099243164,
hpc-mona/26.mona.rev,SUCCESS,0.00212529,0.01775670051574707,
hpc-mona/26.mona.rev.neg,SUCCESS,0.0018681220000000016,0.0158689022064209,
hpc-mona/po-mso-0_26.mona,SUCCESS,0.002112621999999998,0.01659536361694336,
hpc-mona/po-mso-0_26.mona.quant,SUCCESS,0.002053188000000001,0.016363859176635742,
hpc-mona/po-mso-0_26.mona.rev,SUCCESS,0.002034285000000002,0.01651287078857422,
hpc-mona/po-mso-0_26.mona.rev.neg,SUCCESS,0.0021811570000000013,0.016497373580932617,
hpc-mona/po-mso-1-2_26.mona,SUCCESS,0.0020420460000000022,0.016922712326049805,
hpc-mona/po-mso-1-2_26.mona.quant,SUCCESS,0.002183404,0.017241954803466797,
hpc-mona/po-mso-1-2_26.mona.rev,SUCCESS,0.0021002,0.016358613967895508,
hpc-mona/po-mso-1-2_26.mona.rev.neg,SUCCESS,0.0019687259999999988,0.01716136932373047,
hpc-mona/po-mso-all_26.mona,SUCCESS,0.00206868,0.016154766082763672,
hpc-mona/po-mso-all_26.mona.quant,SUCCESS,0.0019816619999999986,0.01638174057006836,
hpc-mona/po-mso-all_26.mona.rev,SUCCESS,0.001999819,0.016942501068115234,
hpc-mona/po-mso-all_26.mona.rev.neg,SUCCESS,0.002020944,0.01702737808227539,
hpc-mona/063.mona,SUCCESS,0.0021105210000000006,0.05774712562561035,
hpc-mona/063.mona.rev,SUCCESS,0.002036015999999998,0.04833507537841797,
hpc-mona/063.mona.rev.neg,SUCCESS,0.0019196310000000015,0.04665398597717285,
hpc-mona/po-mso-0_063.mona,SUCCESS,0.0021709140000000012,0.05674600601196289,
hpc-mona/po-mso-0_063.mona.quant,SUCCESS,0.0019431790000000032,0.05655646324157715,
hpc-mona/po-mso-0_063.mona.rev,SUCCESS,0.0019624399999999993,0.04886317253112793,
hpc-mona/po-mso-0_063.mona.rev.neg,SUCCESS,0.002144875000000001,0.05053997039794922,
hpc-mona/po-mso-1-2_063.mona,SUCCESS,0.0020330689999999985,0.05813097953796387,
hpc-mona/po-mso-1-2_063.mona.quant,SUCCESS,0.0020059590000000016,0.05563092231750488,
hpc-mona/po-mso-1-2_063.mona.rev,SUCCESS,0.0020355610000000017,0.04887676239013672,
hpc-mona/po-mso-1-2_063.mona.rev.neg,SUCCESS,0.002044479000000002,0.04738879203796387,
hpc-mona/po-mso-all_063.mona,SUCCESS,0.001925356999999999,0.05799722671508789,
hpc-mona/po-mso-all_063.mona.quant,SUCCESS,0.002018354,0.05512189865112305,
hpc-mona/po-mso-all_063.mona.rev,SUCCESS,0.001964693,0.04942059516906738,
hpc-mona/po-mso-all_063.mona.rev.neg,SUCCESS,0.0020899300000000003,0.04828143119812012,
hpc-mona/089.mona,SUCCESS,0.002008678,0.0373227596282959,
hpc-mona/089.mona.rev,SUCCESS,0.002015111,0.033110618591308594,
hpc-mona/089.mona.rev.neg,SUCCESS,0.001984547999999999,0.03816533088684082,
hpc-mona/po-mso-0_089.mona,SUCCESS,0.0019201340000000004,0.03584122657775879,
hpc-mona/po-mso-0_089.mona.quant,SUCCESS,0.002002504999999998,0.035691261291503906,
hpc-mona/po-mso-0_089.mona.rev,SUCCESS,0.0019903809999999994,0.03542900085449219,
hpc-mona/po-mso-0_089.mona.rev.neg,SUCCESS,0.0019318980000000013,0.03241777420043945,
hpc-mona/po-mso-1-2_089.mona,SUCCESS,0.001875878000000001,0.037136077880859375,
hpc-mona/po-mso-1-2_089.mona.quant,SUCCESS,0.002055142999999999,0.03479743003845215,
hpc-mona/po-mso-1-2_089.mona.rev,SUCCESS,0.0020967879999999987,0.032488346099853516,
hpc-mona/po-mso-1-2_089.mona.rev.neg,SUCCESS,0.0019795329999999986,0.030646562576293945,
hpc-mona/po-mso-all_089.mona,SUCCESS,0.002024735999999999,0.03551959991455078,
hpc-mona/po-mso-all_089.mona.quant,SUCCESS,0.001998739999999999,0.034314870834350586,
hpc-mona/po-mso-all_089.mona.rev,SUCCESS,0.001933520000000001,0.03278613090515137,
hpc-mona/po-mso-all_089.mona.rev.neg,SUCCESS,0.0019153880000000005,0.03254866600036621,
hpc-mona/22.mona,ERROR,0.0024004680000000002,11.136318445205688,
hpc-mona/22.mona.rev,ERROR,0.0024863590000000005,8.227822303771973,
hpc-mona/22.mona.rev.neg,ERROR,0.002857551,8.169870853424072,
hpc-mona/po-mso-0_22.mona,ERROR,0.002448256,11.313850402832031,
hpc-mona/po-mso-0_22.mona.quant,ERROR,0.0026681420000000005,11.339279174804688,
hpc-mona/po-mso-0_22.mona.rev,ERROR,0.002828953,8.033717155456543,
hpc-mona/po-mso-0_22.mona.rev.neg,ERROR,0.002650577,7.922600030899048,
hpc-mona/po-mso-1-2_22.mona,ERROR,0.002800117,11.346848964691162,
hpc-mona/po-mso-1-2_22.mona.quant,ERROR,0.002252882999999999,8.68159532546997,
hpc-mona/po-mso-1-2_22.mona.rev,ERROR,0.0022315480000000007,8.408805131912231,
hpc-mona/po-mso-1-2_22.mona.rev.neg,ERROR,0.0026994640000000004,7.615239143371582,
hpc-mona/po-mso-all_22.mona,ERROR,0.00229695,11.362439393997192,
hpc-mona/po-mso-all_22.mona.quant,ERROR,0.0020760380000000005,8.390362977981567,
hpc-mona/po-mso-all_22.mona.rev,ERROR,0.0021745109999999996,8.339718580245972,
hpc-mona/po-mso-all_22.mona.rev.neg,ERROR,0.0021324710000000004,8.360335111618042,
hpc-mona/151.mona,SUCCESS,0.0021494950000000004,0.026357650756835938,
hpc-mona/151.mona.rev,SUCCESS,0.0020971040000000007,0.025493383407592773,
hpc-mona/151.mona.rev.neg,SUCCESS,0.0020796129999999993,0.022460222244262695,
hpc-mona/po-mso-0_151.mona,SUCCESS,0.002178005999999998,0.0243070125579834,
hpc-mona/po-mso-0_151.mona.quant,SUCCESS,0.0020949950000000023,0.02550339698791504,
hpc-mona/po-mso-0_151.mona.rev,SUCCESS,0.002074336999999999,0.023880481719970703,
hpc-mona/po-mso-0_151.mona.rev.neg,SUCCESS,0.002027488999999997,0.023743152618408203,
hpc-mona/po-mso-1-2_151.mona,SUCCESS,0.0020389250000000005,0.02491617202758789,
hpc-mona/po-mso-1-2_151.mona.quant,SUCCESS,0.002076078000000002,0.023952960968017578,
hpc-mona/po-mso-1-2_151.mona.rev,SUCCESS,0.0021082939999999967,0.022347688674926758,
hpc-mona/po-mso-1-2_151.mona.rev.neg,SUCCESS,0.002204442000000001,0.02772665023803711,
hpc-mona/po-mso-all_151.mona,SUCCESS,0.0029627210000000015,0.03673553466796875,
hpc-mona/po-mso-all_151.mona.quant,SUCCESS,0.0029443040000000018,0.02921295166015625,
hpc-mona/po-mso-all_151.mona.rev,SUCCESS,0.0021196750000000014,0.02968764305114746,
hpc-mona/po-mso-all_151.mona.rev.neg,SUCCESS,0.002081922,0.022952795028686523,
hpc-mona/181.mona,SUCCESS,0.002118903999999998,0.02831554412841797,
hpc-mona/181.mona.rev,SUCCESS,0.0021201869999999956,0.026027202606201172,
hpc-mona/181.mona.rev.neg,SUCCESS,0.0021769869999999983,0.026280879974365234,
hpc-mona/po-mso-0_181.mona,SUCCESS,0.0021461910000000056,0.028499603271484375,
hpc-mona/po-mso-0_181.mona.quant,SUCCESS,0.0021177009999999996,0.02859187126159668,
hpc-mona/po-mso-0_181.mona.rev,SUCCESS,0.002302304000000005,0.026485681533813477,
hpc-mona/po-mso-0_181.mona.rev.neg,SUCCESS,0.0021568539999999997,0.026492595672607422,
hpc-mona/po-mso-1-2_181.mona,SUCCESS,0.002151512999999994,0.028896808624267578,
hpc-mona/po-mso-1-2_181.mona.quant,SUCCESS,0.002160115000000004,0.028827667236328125,
hpc-mona/po-mso-1-2_181.mona.rev,SUCCESS,0.002223886999999994,0.028334617614746094,
hpc-mona/po-mso-1-2_181.mona.rev.neg,SUCCESS,0.002223726000000009,0.026602983474731445,
hpc-mona/po-mso-all_181.mona,SUCCESS,0.0022542929999999906,0.029397964477539062,
hpc-mona/po-mso-all_181.mona.quant,SUCCESS,0.0022013030000000017,0.029656410217285156,
hpc-mona/po-mso-all_181.mona.rev,SUCCESS,0.0022944420000000076,0.027316570281982422,
hpc-mona/po-mso-all_181.mona.rev.neg,SUCCESS,0.0022393929999999923,0.026871442794799805,
hpc-mona/062.mona,SUCCESS,0.0022287990000000035,0.21500205993652344,
hpc-mona/062.mona.rev,SUCCESS,0.0023191230000000063,0.33665966987609863,
hpc-mona/062.mona.rev.neg,SUCCESS,0.002350290000000005,0.3446178436279297,
hpc-mona/po-mso-0_062.mona,SUCCESS,0.002255774000000002,0.21449923515319824,
hpc-mona/po-mso-0_062.mona.quant,SUCCESS,0.0022422740000000024,0.21520185470581055,
hpc-mona/po-mso-0_062.mona.rev,SUCCESS,0.0023572130000000108,0.36063599586486816,
hpc-mona/po-mso-0_062.mona.rev.neg,SUCCESS,0.0028687190000000057,0.32907581329345703,
hpc-mona/po-mso-1-2_062.mona,SUCCESS,0.002304028999999999,0.21624398231506348,
hpc-mona/po-mso-1-2_062.mona.quant,SUCCESS,0.002205363000000002,0.2164618968963623,
hpc-mona/po-mso-1-2_062.mona.rev,SUCCESS,0.0023759489999999883,0.3371248245239258,
hpc-mona/po-mso-1-2_062.mona.rev.neg,SUCCESS,0.002363725000000011,0.3331739902496338,
hpc-mona/po-mso-all_062.mona,SUCCESS,0.0023468859999999925,0.23114800453186035,
hpc-mona/po-mso-all_062.mona.quant,SUCCESS,0.0020485569999999786,0.21594667434692383,
hpc-mona/po-mso-all_062.mona.rev,SUCCESS,0.0022195610000000088,0.3783755302429199,
hpc-mona/po-mso-all_062.mona.rev.neg,SUCCESS,0.002326898000000001,0.3785743713378906,
hpc-mona/33.mona,SUCCESS,0.002284004999999978,0.06103658676147461,
hpc-mona/33.mona.rev,SUCCESS,0.002194866,0.062493085861206055,
hpc-mona/33.mona.rev.neg,SUCCESS,0.0023043409999999875,0.06206774711608887,
hpc-mona/po-mso-0_33.mona,SUCCESS,0.0021962740000000015,0.06246137619018555,
hpc-mona/po-mso-0_33.mona.quant,SUCCESS,0.002234578000000015,0.06337666511535645,
hpc-mona/po-mso-0_33.mona.rev,SUCCESS,0.002109376999999999,0.06470465660095215,
hpc-mona/po-mso-0_33.mona.rev.neg,SUCCESS,0.0021787420000000113,0.060575246810913086,
hpc-mona/po-mso-1-2_33.mona,SUCCESS,0.00200554,0.04486680030822754,
hpc-mona/po-mso-1-2_33.mona.quant,SUCCESS,0.0020890899999999983,0.06119871139526367,
hpc-mona/po-mso-1-2_33.mona.rev,SUCCESS,0.0022501969999999816,0.062242746353149414,
hpc-mona/po-mso-1-2_33.mona.rev.neg,SUCCESS,0.002067266,0.047557830810546875,
hpc-mona/po-mso-all_33.mona,SUCCESS,0.002355599,0.06091165542602539,
hpc-mona/po-mso-all_33.mona.quant,SUCCESS,0.002381927000000006,0.06234455108642578,
hpc-mona/po-mso-all_33.mona.rev,SUCCESS,0.0020052309999999997,0.05125784873962402,
hpc-mona/po-mso-all_33.mona.rev.neg,SUCCESS,0.002227031999999997,0.04803872108459473,
hpc-mona/180.mona,SUCCESS,0.002215989,0.034926414489746094,
hpc-mona/180.mona.rev,SUCCESS,0.002201523,0.03001713752746582,
hpc-mona/180.mona.rev.neg,SUCCESS,0.0022685440000000004,0.03299093246459961,
hpc-mona/po-mso-0_180.mona,SUCCESS,0.0022922299999999997,0.03687739372253418,
hpc-mona/po-mso-0_180.mona.quant,SUCCESS,0.0024972620000000005,0.036955833435058594,
hpc-mona/po-mso-0_180.mona.rev,SUCCESS,0.0025966780000000003,0.03153705596923828,
hpc-mona/po-mso-0_180.mona.rev.neg,SUCCESS,0.002525921,0.032861948013305664,
hpc-mona/po-mso-1-2_180.mona,SUCCESS,0.0023763219999999997,0.038382768630981445,
hpc-mona/po-mso-1-2_180.mona.quant,SUCCESS,0.0019518570000000004,0.03900718688964844,
hpc-mona/po-mso-1-2_180.mona.rev,SUCCESS,0.001781983,0.03543353080749512,
hpc-mona/po-mso-1-2_180.mona.rev.neg,SUCCESS,0.0018423939999999998,0.03450965881347656,
hpc-mona/po-mso-all_180.mona,SUCCESS,0.001960061,0.035629987716674805,
hpc-mona/po-mso-all_180.mona.quant,SUCCESS,0.0020276260000000003,0.039853572845458984,
hpc-mona/po-mso-all_180.mona.rev,SUCCESS,0.0018328049999999999,0.04631996154785156,
hpc-mona/po-mso-all_180.mona.rev.neg,SUCCESS,0.0018608729999999999,0.03926539421081543,
hpc-mona/187.mona,SUCCESS,0.001953326,0.039377450942993164,
hpc-mona/187.mona.rev,SUCCESS,0.0018528710000000007,0.039551734924316406,
hpc-mona/187.mona.rev.neg,SUCCESS,0.0018771670000000008,0.031976938247680664,
hpc-mona/po-mso-0_187.mona,SUCCESS,0.0018909340000000004,0.044432640075683594,
hpc-mona/po-mso-0_187.mona.quant,SUCCESS,0.001919147999999999,0.04241490364074707,
hpc-mona/po-mso-0_187.mona.rev,SUCCESS,0.0018840280000000011,0.047471046447753906,
hpc-mona/po-mso-0_187.mona.rev.neg,SUCCESS,0.001771008000000001,0.044109344482421875,
hpc-mona/po-mso-1-2_187.mona,SUCCESS,0.001894692,0.04790902137756348,
hpc-mona/po-mso-1-2_187.mona.quant,SUCCESS,0.001777364,0.04287242889404297,
hpc-mona/po-mso-1-2_187.mona.rev,SUCCESS,0.0020402790000000007,0.055048465728759766,
hpc-mona/po-mso-1-2_187.mona.rev.neg,SUCCESS,0.0021634160000000013,0.04424285888671875,
hpc-mona/po-mso-all_187.mona,SUCCESS,0.00226147,0.04365277290344238,
hpc-mona/po-mso-all_187.mona.quant,SUCCESS,0.0021477140000000002,0.04358196258544922,
hpc-mona/po-mso-all_187.mona.rev,SUCCESS,0.0020898559999999993,0.037103891372680664,
hpc-mona/po-mso-all_187.mona.rev.neg,SUCCESS,0.0020240139999999993,0.03245902061462402,
hpc-mona/013.mona,SUCCESS,0.002157196,0.028939485549926758,
hpc-mona/013.mona.rev,SUCCESS,0.0020406059999999986,0.025992631912231445,
hpc-mona/013.mona.rev.neg,SUCCESS,0.0021732590000000003,0.028481006622314453,
hpc-mona/po-mso-0_013.mona,SUCCESS,0.0020460359999999993,0.029838085174560547,
hpc-mona/po-mso-0_013.mona.quant,SUCCESS,0.0020401410000000005,0.02679729461669922,
hpc-mona/po-mso-0_013.mona.rev,SUCCESS,0.0021061440000000008,0.027499914169311523,
hpc-mona/po-mso-0_013.mona.rev.neg,SUCCESS,0.0021308460000000005,0.02466750144958496,
hpc-mona/po-mso-1-2_013.mona,SUCCESS,0.0019298759999999988,0.036556243896484375,
hpc-mona/po-mso-1-2_013.mona.quant,SUCCESS,0.0020901619999999996,0.021804332733154297,
hpc-mona/po-mso-1-2_013.mona.rev,SUCCESS,0.002217357999999999,0.02411031723022461,
hpc-mona/po-mso-1-2_013.mona.rev.neg,SUCCESS,0.0021904890000000003,0.018533706665039062,
hpc-mona/po-mso-all_013.mona,SUCCESS,0.0022037859999999992,0.0218658447265625,
hpc-mona/po-mso-all_013.mona.quant,SUCCESS,0.0020876870000000013,0.01700115203857422,
hpc-mona/po-mso-all_013.mona.rev,SUCCESS,0.0021058940000000005,0.02243208885192871,
hpc-mona/po-mso-all_013.mona.rev.neg,SUCCESS,0.0021843889999999984,0.028966188430786133,
hpc-mona/129.mona,SUCCESS,0.001990477000000001,0.04786252975463867,
hpc-mona/129.mona.rev,SUCCESS,0.0021732509999999976,0.04241585731506348,
hpc-mona/129.mona.rev.neg,SUCCESS,0.002113144000000001,0.03951549530029297,
hpc-mona/po-mso-0_129.mona,SUCCESS,0.002079681,0.04391980171203613,
hpc-mona/po-mso-0_129.mona.quant,SUCCESS,0.002106012000000001,0.042699337005615234,
hpc-mona/po-mso-0_129.mona.rev,SUCCESS,0.0020364969999999982,0.04102039337158203,
hpc-mona/po-mso-0_129.mona.rev.neg,SUCCESS,0.0019908400000000007,0.04791760444641113,
hpc-mona/po-mso-1-2_129.mona,SUCCESS,0.0023155649999999986,0.0552821159362793,
hpc-mona/po-mso-1-2_129.mona.quant,SUCCESS,0.0020415009999999977,0.04250192642211914,
hpc-mona/po-mso-1-2_129.mona.rev,SUCCESS,0.0019481270000000009,0.03682756423950195,
hpc-mona/po-mso-1-2_129.mona.rev.neg,SUCCESS,0.0019751279999999996,0.03670501708984375,
hpc-mona/po-mso-all_129.mona,SUCCESS,0.001964027,0.050086259841918945,
hpc-mona/po-mso-all_129.mona.quant,SUCCESS,0.002010833,0.04920315742492676,
hpc-mona/po-mso-all_129.mona.rev,SUCCESS,0.0020841919999999986,0.05753898620605469,
hpc-mona/po-mso-all_129.mona.rev.neg,SUCCESS,0.002192626999999999,0.05437183380126953,
hpc-mona/45.mona,SUCCESS,0.0021579439999999984,0.015788555145263672,
hpc-mona/45.mona.rev,SUCCESS,0.001945475000000002,0.014339685440063477,
hpc-mona/45.mona.rev.neg,SUCCESS,0.002115994999999999,0.014782190322875977,
hpc-mona/po-mso-0_45.mona,SUCCESS,0.002026990000000003,0.01450204849243164,
hpc-mona/po-mso-0_45.mona.quant,SUCCESS,0.0022318389999999994,0.015269279479980469,
hpc-mona/po-mso-0_45.mona.rev,SUCCESS,0.002016836000000001,0.01734638214111328,
hpc-mona/po-mso-0_45.mona.rev.neg,SUCCESS,0.0021409579999999984,0.01393437385559082,
hpc-mona/po-mso-1-2_45.mona,SUCCESS,0.002458529999999997,0.019640207290649414,
hpc-mona/po-mso-1-2_45.mona.quant,SUCCESS,0.0019923560000000007,0.01562047004699707,
hpc-mona/po-mso-1-2_45.mona.rev,SUCCESS,0.0020754220000000004,0.015513181686401367,
hpc-mona/po-mso-1-2_45.mona.rev.neg,SUCCESS,0.0020298550000000005,0.015213251113891602,
hpc-mona/po-mso-all_45.mona,SUCCESS,0.002215738000000002,0.01508784294128418,
hpc-mona/po-mso-all_45.mona.quant,SUCCESS,0.002170107999999997,0.0158083438873291,
hpc-mona/po-mso-all_45.mona.rev,SUCCESS,0.0018206469999999982,0.012925148010253906,
hpc-mona/po-mso-all_45.mona.rev.neg,SUCCESS,0.001890283999999999,0.013012886047363281,
hpc-mona/19.mona,ERROR,0.0027230929999999998,8.670997142791748,
hpc-mona/19.mona.rev,ERROR,0.0023798099999999996,8.372505187988281,
hpc-mona/19.mona.rev.neg,ERROR,0.0025400809999999996,8.368000030517578,
hpc-mona/po-mso-0_19.mona,ERROR,0.0025907359999999997,8.624045133590698,
hpc-mona/po-mso-0_19.mona.quant,ERROR,0.002632177,8.66654896736145,
hpc-mona/po-mso-0_19.mona.rev,ERROR,0.002806967,8.294723987579346,
hpc-mona/po-mso-0_19.mona.rev.neg,ERROR,0.002661109,8.306464910507202,
hpc-mona/po-mso-1-2_19.mona,ERROR,0.0028696050000000003,8.695088148117065,
hpc-mona/po-mso-1-2_19.mona.quant,ERROR,0.0019046239999999997,8.33167290687561,
hpc-mona/po-mso-1-2_19.mona.rev,ERROR,0.002103454999999999,8.106647968292236,
hpc-mona/po-mso-1-2_19.mona.rev.neg,ERROR,0.0021727889999999996,8.08733344078064,
hpc-mona/po-mso-all_19.mona,ERROR,0.00222592,8.247456312179565,
hpc-mona/po-mso-all_19.mona.quant,ERROR,0.0028567999999999996,8.263502836227417,
hpc-mona/po-mso-all_19.mona.rev,ERROR,0.002335407999999999,8.033363103866577,
hpc-mona/po-mso-all_19.mona.rev.neg,ERROR,0.002232429999999999,7.279033899307251,
hpc-mona/081.mona,SUCCESS,0.0028282389999999998,0.0734720230102539,
hpc-mona/081.mona.rev,SUCCESS,0.0022781959999999997,0.0708475112915039,
hpc-mona/081.mona.rev.neg,SUCCESS,0.002250605000000001,0.07316446304321289,
hpc-mona/po-mso-0_081.mona,SUCCESS,0.0024892660000000004,0.07239174842834473,
hpc-mona/po-mso-0_081.mona.quant,SUCCESS,0.002284488000000001,0.07271814346313477,
hpc-mona/po-mso-0_081.mona.rev,SUCCESS,0.0021596489999999996,0.06771230697631836,
hpc-mona/po-mso-0_081.mona.rev.neg,SUCCESS,0.002331000999999999,0.06954646110534668,
hpc-mona/po-mso-1-2_081.mona,SUCCESS,0.002196789000000001,0.06806612014770508,
hpc-mona/po-mso-1-2_081.mona.quant,SUCCESS,0.0025139390000000067,0.04824972152709961,
hpc-mona/po-mso-1-2_081.mona.rev,SUCCESS,0.0021571459999999987,0.0655369758605957,
hpc-mona/po-mso-1-2_081.mona.rev.neg,SUCCESS,0.0021304870000000004,0.06638073921203613,
hpc-mona/po-mso-all_081.mona,SUCCESS,0.002166704999999998,0.06955575942993164,
hpc-mona/po-mso-all_081.mona.quant,SUCCESS,0.0022268200000000044,0.027189254760742188,
hpc-mona/po-mso-all_081.mona.rev,SUCCESS,0.002289351000000002,0.0704493522644043,
hpc-mona/po-mso-all_081.mona.rev.neg,SUCCESS,0.002196046,0.07146310806274414,
hpc-mona/182.mona,SUCCESS,0.0021774550000000018,0.11537623405456543,
hpc-mona/182.mona.rev,SUCCESS,0.002262152999999996,0.11099028587341309,
hpc-mona/182.mona.rev.neg,SUCCESS,0.0021965499999999985,0.11602926254272461,
hpc-mona/po-mso-0_182.mona,SUCCESS,0.0021883539999999965,0.11891388893127441,
hpc-mona/po-mso-0_182.mona.quant,SUCCESS,0.002200757999999997,0.11736440658569336,
hpc-mona/po-mso-0_182.mona.rev,SUCCESS,0.0023549799999999926,0.11037731170654297,
hpc-mona/po-mso-0_182.mona.rev.neg,SUCCESS,0.003100897999999991,0.11773037910461426,
hpc-mona/po-mso-1-2_182.mona,SUCCESS,0.002237263999999989,0.1139373779296875,
hpc-mona/po-mso-1-2_182.mona.quant,SUCCESS,0.002202335999999999,0.1218721866607666,
hpc-mona/po-mso-1-2_182.mona.rev,SUCCESS,0.0021766290000000132,0.12063765525817871,
hpc-mona/po-mso-1-2_182.mona.rev.neg,SUCCESS,0.0021424570000000004,0.10908770561218262,
hpc-mona/po-mso-all_182.mona,SUCCESS,0.002149402999999994,0.11437559127807617,
hpc-mona/po-mso-all_182.mona.quant,SUCCESS,0.0021892979999999923,0.11251306533813477,
hpc-mona/po-mso-all_182.mona.rev,SUCCESS,0.0022222149999999996,0.11087894439697266,
hpc-mona/po-mso-all_182.mona.rev.neg,SUCCESS,0.0021403170000000027,0.10877227783203125,
hpc-mona/133.mona,SUCCESS,0.0022103640000000063,0.03358888626098633,
hpc-mona/133.mona.rev,SUCCESS,0.002220415999999989,0.02953362464904785,
hpc-mona/133.mona.rev.neg,SUCCESS,0.002328501999999996,0.03894209861755371,
hpc-mona/po-mso-0_133.mona,SUCCESS,0.0030215710000000007,0.04336357116699219,
hpc-mona/po-mso-0_133.mona.quant,SUCCESS,0.0022614190000000006,0.03355813026428223,
hpc-mona/po-mso-0_133.mona.rev,SUCCESS,0.0022640730000000053,0.029185056686401367,
hpc-mona/po-mso-0_133.mona.rev.neg,SUCCESS,0.002259467000000001,0.029158592224121094,
hpc-mona/po-mso-1-2_133.mona,SUCCESS,0.002167601000000005,0.03369903564453125,
hpc-mona/po-mso-1-2_133.mona.quant,SUCCESS,0.002241892999999995,0.03358006477355957,
hpc-mona/po-mso-1-2_133.mona.rev,SUCCESS,0.002225810999999994,0.029090404510498047,
hpc-mona/po-mso-1-2_133.mona.rev.neg,SUCCESS,0.0021859939999999967,0.029200315475463867,
hpc-mona/po-mso-all_133.mona,SUCCESS,0.0022667700000000013,0.033925771713256836,
hpc-mona/po-mso-all_133.mona.quant,SUCCESS,0.0022361720000000085,0.03374481201171875,
hpc-mona/po-mso-all_133.mona.rev,SUCCESS,0.00254886700000001,0.03744363784790039,
hpc-mona/po-mso-all_133.mona.rev.neg,SUCCESS,0.0027172649999999965,0.03153395652770996,
hpc-mona/015.mona,SUCCESS,0.0023189869999999946,0.03753662109375,
hpc-mona/015.mona.rev,SUCCESS,0.0021811790000000053,0.03685736656188965,
hpc-mona/015.mona.rev.neg,SUCCESS,0.0021083209999999963,0.030916690826416016,
hpc-mona/po-mso-0_015.mona,SUCCESS,0.0021117540000000212,0.03585553169250488,
hpc-mona/po-mso-0_015.mona.quant,SUCCESS,0.002140660999999988,0.03636646270751953,
hpc-mona/po-mso-0_015.mona.rev,SUCCESS,0.0020960829999999986,0.030673980712890625,
hpc-mona/po-mso-0_015.mona.rev.neg,SUCCESS,0.0023790610000000156,0.04001331329345703,
hpc-mona/po-mso-1-2_015.mona,SUCCESS,0.003839205000000012,0.0458989143371582,
hpc-mona/po-mso-1-2_015.mona.quant,SUCCESS,0.0020700240000000036,0.035500526428222656,
hpc-mona/po-mso-1-2_015.mona.rev,SUCCESS,0.0020599830000000152,0.03036046028137207,
hpc-mona/po-mso-1-2_015.mona.rev.neg,SUCCESS,0.002097468000000019,0.030733585357666016,
hpc-mona/po-mso-all_015.mona,SUCCESS,0.0020840400000000092,0.03554344177246094,
hpc-mona/po-mso-all_015.mona.quant,SUCCESS,0.002157665000000003,0.036020755767822266,
hpc-mona/po-mso-all_015.mona.rev,SUCCESS,0.0023461320000000008,0.04095315933227539,
hpc-mona/po-mso-all_015.mona.rev.neg,SUCCESS,0.0030885159999999856,0.03246474266052246,
hpc-mona/097.mona,SUCCESS,0.0027047269999999997,0.028090953826904297,
hpc-mona/097.mona.rev,SUCCESS,0.0025733760000000005,0.025371074676513672,
hpc-mona/097.mona.rev.neg,SUCCESS,0.002560326,0.025393009185791016,
hpc-mona/po-mso-0_097.mona,SUCCESS,0.0028480679999999996,0.02884840965270996,
hpc-mona/po-mso-0_097.mona.quant,SUCCESS,0.0024233930000000002,0.027383089065551758,
hpc-mona/po-mso-0_097.mona.rev,SUCCESS,0.002469132,0.03472161293029785,
hpc-mona/po-mso-0_097.mona.rev.neg,SUCCESS,0.002509197,0.0451810359954834,
hpc-mona/po-mso-1-2_097.mona,SUCCESS,0.0029958029999999996,0.03179168701171875,
hpc-mona/po-mso-1-2_097.mona.quant,SUCCESS,0.0020535759999999997,0.026505231857299805,
hpc-mona/po-mso-1-2_097.mona.rev,SUCCESS,0.001972540000000001,0.026523351669311523,
hpc-mona/po-mso-1-2_097.mona.rev.neg,SUCCESS,0.001801764,0.02473139762878418,
hpc-mona/po-mso-all_097.mona,SUCCESS,0.002054953,0.027664899826049805,
hpc-mona/po-mso-all_097.mona.quant,SUCCESS,0.002033432,0.030824661254882812,
hpc-mona/po-mso-all_097.mona.rev,SUCCESS,0.001919952,0.02569127082824707,
hpc-mona/po-mso-all_097.mona.rev.neg,SUCCESS,0.0018068720000000002,0.024188995361328125,
hpc-mona/35.mona,SUCCESS,0.002195099,0.01844620704650879,
hpc-mona/35.mona.rev,SUCCESS,0.0019327040000000004,0.013931989669799805,
hpc-mona/35.mona.rev.neg,SUCCESS,0.0019453859999999986,0.01571798324584961,
hpc-mona/po-mso-0_35.mona,SUCCESS,0.002007193000000001,0.013415336608886719,
hpc-mona/po-mso-0_35.mona.quant,SUCCESS,0.0019747129999999995,0.01621699333190918,
hpc-mona/po-mso-0_35.mona.rev,SUCCESS,0.0020853419999999987,0.01544189453125,
hpc-mona/po-mso-0_35.mona.rev.neg,SUCCESS,0.002176342999999999,0.015448331832885742,
hpc-mona/po-mso-1-2_35.mona,SUCCESS,0.0019860039999999995,0.014250040054321289,
hpc-mona/po-mso-1-2_35.mona.quant,SUCCESS,0.0022545269999999992,0.017877578735351562,
hpc-mona/po-mso-1-2_35.mona.rev,SUCCESS,0.0021029299999999994,0.0179290771484375,
hpc-mona/po-mso-1-2_35.mona.rev.neg,SUCCESS,0.002000165,0.018222808837890625,
hpc-mona/po-mso-all_35.mona,SUCCESS,0.0019574959999999995,0.01919245719909668,
hpc-mona/po-mso-all_35.mona.quant,SUCCESS,0.002122694999999999,0.01856255531311035,
hpc-mona/po-mso-all_35.mona.rev,SUCCESS,0.0021852139999999996,0.014996767044067383,
hpc-mona/po-mso-all_35.mona.rev.neg,SUCCESS,0.0021309890000000015,0.014868974685668945,
hpc-mona/064.mona,SUCCESS,0.0020353049999999994,0.0498354434967041,
hpc-mona/064.mona.rev,SUCCESS,0.002166462000000001,0.042678117752075195,
hpc-mona/064.mona.rev.neg,SUCCESS,0.0022521169999999997,0.05011725425720215,
hpc-mona/po-mso-0_064.mona,SUCCESS,0.002110283000000001,0.06033062934875488,
hpc-mona/po-mso-0_064.mona.quant,SUCCESS,0.002073594,0.05113363265991211,
hpc-mona/po-mso-0_064.mona.rev,SUCCESS,0.0021084369999999977,0.04484748840332031,
hpc-mona/po-mso-0_064.mona.rev.neg,SUCCESS,0.001973748000000001,0.0452728271484375,
hpc-mona/po-mso-1-2_064.mona,SUCCESS,0.001968061,0.05328655242919922,
hpc-mona/po-mso-1-2_064.mona.quant,SUCCESS,0.002127841999999998,0.0530545711517334,
hpc-mona/po-mso-1-2_064.mona.rev,SUCCESS,0.002316780000000001,0.045790672302246094,
hpc-mona/po-mso-1-2_064.mona.rev.neg,SUCCESS,0.0020867930000000017,0.04649949073791504,
hpc-mona/po-mso-all_064.mona,SUCCESS,0.002112909000000003,0.054398298263549805,
hpc-mona/po-mso-all_064.mona.quant,SUCCESS,0.0019877820000000004,0.051270246505737305,
hpc-mona/po-mso-all_064.mona.rev,SUCCESS,0.002030933000000002,0.04904890060424805,
hpc-mona/po-mso-all_064.mona.rev.neg,SUCCESS,0.001998866999999998,0.04529547691345215,
hpc-mona/30.mona,SUCCESS,0.0021224229999999983,2.182279586791992,
hpc-mona/30.mona.rev,ERROR,0.0023533480000000016,3.4421255588531494,
hpc-mona/30.mona.rev.neg,ERROR,0.0021378269999999984,3.482808828353882,
hpc-mona/po-mso-0_30.mona,SUCCESS,0.00213288,2.2083847522735596,
hpc-mona/po-mso-0_30.mona.quant,SUCCESS,0.002188500999999999,2.1884312629699707,
hpc-mona/po-mso-0_30.mona.rev,ERROR,0.002122024,3.470785617828369,
hpc-mona/po-mso-0_30.mona.rev.neg,ERROR,0.0020101369999999986,3.4718778133392334,
hpc-mona/po-mso-1-2_30.mona,SUCCESS,0.002343403000000001,2.2401344776153564,
hpc-mona/po-mso-1-2_30.mona.quant,SUCCESS,0.0022389859999999984,2.1305317878723145,
hpc-mona/po-mso-1-2_30.mona.rev,ERROR,0.002193230000000001,3.2680702209472656,
hpc-mona/po-mso-1-2_30.mona.rev.neg,ERROR,0.0021193769999999987,3.0056235790252686,
hpc-mona/po-mso-all_30.mona,SUCCESS,0.002271279999999997,2.213712692260742,
hpc-mona/po-mso-all_30.mona.quant,SUCCESS,0.0023953789999999996,1.3842687606811523,
hpc-mona/po-mso-all_30.mona.rev,ERROR,0.002373521,2.9468860626220703,
hpc-mona/po-mso-all_30.mona.rev.neg,ERROR,0.0021790510000000013,2.9279422760009766,
hpc-mona/21.mona,SUCCESS,0.0022318550000000013,0.015105009078979492,
hpc-mona/21.mona.rev,SUCCESS,0.002239452999999999,0.016343116760253906,
hpc-mona/21.mona.rev.neg,SUCCESS,0.002300235000000001,0.016831636428833008,
hpc-mona/po-mso-0_21.mona,SUCCESS,0.002493750000000003,0.016766071319580078,
hpc-mona/po-mso-0_21.mona.quant,SUCCESS,0.002362559,0.01602935791015625,
hpc-mona/po-mso-0_21.mona.rev,SUCCESS,0.0023388520000000024,0.016162395477294922,
hpc-mona/po-mso-0_21.mona.rev.neg,SUCCESS,0.002157131999999999,0.015992403030395508,
hpc-mona/po-mso-1-2_21.mona,SUCCESS,0.0022429409999999983,0.01578068733215332,
hpc-mona/po-mso-1-2_21.mona.quant,SUCCESS,0.002216794000000001,0.016399621963500977,
hpc-mona/po-mso-1-2_21.mona.rev,SUCCESS,0.002353220000000003,0.02235126495361328,
hpc-mona/po-mso-1-2_21.mona.rev.neg,SUCCESS,0.002276959000000002,0.01735854148864746,
hpc-mona/po-mso-all_21.mona,SUCCESS,0.002250639999999998,0.016548871994018555,
hpc-mona/po-mso-all_21.mona.quant,SUCCESS,0.0022209460000000014,0.01624608039855957,
hpc-mona/po-mso-all_21.mona.rev,SUCCESS,0.002176443,0.016247987747192383,
hpc-mona/po-mso-all_21.mona.rev.neg,SUCCESS,0.002225987999999998,0.016397714614868164,
hpc-mona/14.mona,SUCCESS,0.0026799119999999996,0.012377023696899414,
hpc-mona/14.mona.rev,SUCCESS,0.0025223159999999997,0.014835119247436523,
hpc-mona/14.mona.rev.neg,SUCCESS,0.0027647569999999996,0.019418716430664062,
hpc-mona/po-mso-0_14.mona,SUCCESS,0.0026818330000000002,0.011720418930053711,
hpc-mona/po-mso-0_14.mona.quant,SUCCESS,0.0026607719999999996,0.01779484748840332,
hpc-mona/po-mso-0_14.mona.rev,SUCCESS,0.002679809,0.017678260803222656,
hpc-mona/po-mso-0_14.mona.rev.neg,SUCCESS,0.002623346,0.015530586242675781,
hpc-mona/po-mso-1-2_14.mona,SUCCESS,0.002736029,0.01667475700378418,
hpc-mona/po-mso-1-2_14.mona.quant,SUCCESS,0.0020028400000000005,0.014488697052001953,
hpc-mona/po-mso-1-2_14.mona.rev,SUCCESS,0.001990273,0.015388727188110352,
hpc-mona/po-mso-1-2_14.mona.rev.neg,SUCCESS,0.0021438759999999994,0.014991044998168945,
hpc-mona/po-mso-all_14.mona,SUCCESS,0.002019211,0.016905546188354492,
hpc-mona/po-mso-all_14.mona.quant,SUCCESS,0.0021571609999999995,0.012402772903442383,
hpc-mona/po-mso-all_14.mona.rev,SUCCESS,0.002209661000000001,0.014587163925170898,
hpc-mona/po-mso-all_14.mona.rev.neg,SUCCESS,0.0021476460000000005,0.02841782569885254,
hpc-mona/160.mona,SUCCESS,0.00207037,0.04745841026306152,
hpc-mona/160.mona.rev,SUCCESS,0.0019001769999999994,0.04655289649963379,
hpc-mona/160.mona.rev.neg,SUCCESS,0.0019134750000000013,0.042909860610961914,
hpc-mona/po-mso-0_160.mona,SUCCESS,0.0020865550000000004,0.04819297790527344,
hpc-mona/po-mso-0_160.mona.quant,SUCCESS,0.0019224360000000013,0.04724383354187012,
hpc-mona/po-mso-0_160.mona.rev,SUCCESS,0.001962842000000001,0.04334688186645508,
hpc-mona/po-mso-0_160.mona.rev.neg,SUCCESS,0.0020509629999999994,0.04526114463806152,
hpc-mona/po-mso-1-2_160.mona,SUCCESS,0.0021991549999999995,0.04863429069519043,
hpc-mona/po-mso-1-2_160.mona.quant,SUCCESS,0.0020521259999999996,0.04819059371948242,
hpc-mona/po-mso-1-2_160.mona.rev,SUCCESS,0.00212354,0.04041290283203125,
hpc-mona/po-mso-1-2_160.mona.rev.neg,SUCCESS,0.0019788470000000006,0.045217275619506836,
hpc-mona/po-mso-all_160.mona,SUCCESS,0.0020593550000000006,0.04616117477416992,
hpc-mona/po-mso-all_160.mona.quant,SUCCESS,0.0021383879999999997,0.04947996139526367,
hpc-mona/po-mso-all_160.mona.rev,SUCCESS,0.0021070280000000004,0.044275760650634766,
hpc-mona/po-mso-all_160.mona.rev.neg,SUCCESS,0.0020368599999999997,0.0451502799987793,
hpc-mona/158.mona,SUCCESS,0.0021928250000000007,0.060210227966308594,
hpc-mona/158.mona.rev,SUCCESS,0.002057202000000001,0.04948258399963379,
hpc-mona/158.mona.rev.neg,SUCCESS,0.0019617320000000008,0.04958820343017578,
hpc-mona/po-mso-0_158.mona,SUCCESS,0.0019423510000000001,0.06190824508666992,
hpc-mona/po-mso-0_158.mona.quant,SUCCESS,0.0020609190000000013,0.06009387969970703,
hpc-mona/po-mso-0_158.mona.rev,SUCCESS,0.0019413260000000002,0.05105757713317871,
hpc-mona/po-mso-0_158.mona.rev.neg,SUCCESS,0.001950724000000001,0.05168628692626953,
hpc-mona/po-mso-1-2_158.mona,SUCCESS,0.0018667360000000008,0.06307363510131836,
hpc-mona/po-mso-1-2_158.mona.quant,SUCCESS,0.0020255000000000013,0.06048274040222168,
hpc-mona/po-mso-1-2_158.mona.rev,SUCCESS,0.002058555,0.05044293403625488,
hpc-mona/po-mso-1-2_158.mona.rev.neg,SUCCESS,0.001906316,0.04929614067077637,
hpc-mona/po-mso-all_158.mona,SUCCESS,0.0020382079999999997,0.07166075706481934,
hpc-mona/po-mso-all_158.mona.quant,SUCCESS,0.002103439000000002,0.06123042106628418,
hpc-mona/po-mso-all_158.mona.rev,SUCCESS,0.0020129080000000008,0.050673723220825195,
hpc-mona/po-mso-all_158.mona.rev.neg,SUCCESS,0.0020509510000000022,0.04932236671447754,
hpc-mona/111.mona,SUCCESS,0.002189066,0.174666166305542,
hpc-mona/111.mona.rev,SUCCESS,0.002101004,0.07525992393493652,
hpc-mona/111.mona.rev.neg,SUCCESS,0.001986553000000002,0.07290458679199219,
hpc-mona/po-mso-0_111.mona,SUCCESS,0.0020162229999999975,0.1761181354522705,
hpc-mona/po-mso-0_111.mona.quant,SUCCESS,0.002156980999999999,0.1757361888885498,
hpc-mona/po-mso-0_111.mona.rev,SUCCESS,0.0021083939999999995,0.0762636661529541,
hpc-mona/po-mso-0_111.mona.rev.neg,SUCCESS,0.0019423860000000008,0.0736093521118164,
hpc-mona/po-mso-1-2_111.mona,SUCCESS,0.002010401999999998,0.17597627639770508,
hpc-mona/po-mso-1-2_111.mona.quant,SUCCESS,0.0022036650000000005,0.1302638053894043,
hpc-mona/po-mso-1-2_111.mona.rev,SUCCESS,0.002337826000000001,0.07362151145935059,
hpc-mona/po-mso-1-2_111.mona.rev.neg,SUCCESS,0.002248598000000001,0.07453441619873047,
hpc-mona/po-mso-all_111.mona,SUCCESS,0.0022149189999999992,0.1729576587677002,
hpc-mona/po-mso-all_111.mona.quant,SUCCESS,0.00274748,0.132063627243042,
hpc-mona/po-mso-all_111.mona.rev,SUCCESS,0.0022429339999999985,0.07750058174133301,
hpc-mona/po-mso-all_111.mona.rev.neg,SUCCESS,0.0021543399999999976,0.0753777027130127,
hpc-mona/13.mona,ERROR,0.002300563999999998,4.162469148635864,
hpc-mona/13.mona.rev,ERROR,0.0026012020000000004,9.214330911636353,
hpc-mona/13.mona.rev.neg,ERROR,0.002155259999999999,9.216923236846924,
hpc-mona/po-mso-0_13.mona,ERROR,0.0022577709999999987,4.14211368560791,
hpc-mona/po-mso-0_13.mona.quant,ERROR,0.0022655900000000014,4.254881858825684,
hpc-mona/po-mso-0_13.mona.rev,ERROR,0.002352962,9.282493591308594,
hpc-mona/po-mso-0_13.mona.rev.neg,ERROR,0.0022213089999999977,8.986395359039307,
hpc-mona/po-mso-1-2_13.mona,ERROR,0.0024028910000000007,4.207739591598511,
hpc-mona/po-mso-1-2_13.mona.quant,ERROR,0.0022948789999999997,3.479414701461792,
hpc-mona/po-mso-1-2_13.mona.rev,ERROR,0.0022774599999999985,7.610883474349976,
hpc-mona/po-mso-1-2_13.mona.rev.neg,ERROR,0.002847266000000001,8.32324481010437,
hpc-mona/po-mso-all_13.mona,ERROR,0.002198229999999999,4.058279514312744,
hpc-mona/po-mso-all_13.mona.quant,ERROR,0.0030138239999999983,3.6889681816101074,
hpc-mona/po-mso-all_13.mona.rev,ERROR,0.002219150000000003,6.7759552001953125,
hpc-mona/po-mso-all_13.mona.rev.neg,ERROR,0.0020538169999999994,6.745434761047363,
hpc-mona/scutella_pb_2_pe_.mona,SUCCESS,0.0023387739999999996,0.015630722045898438,
hpc-mona/scutella_pb_2_pe_.mona.rev,SUCCESS,0.002278037,0.014713525772094727,
hpc-mona/scutella_pb_2_pe_.mona.rev.neg,SUCCESS,0.0024989079999999998,0.01482248306274414,
hpc-mona/po-mso-0_scutella_pb_2_pe_.mona,SUCCESS,0.002375264,0.014002323150634766,
hpc-mona/po-mso-0_scutella_pb_2_pe_.mona.quant,SUCCESS,0.002372175,0.015366554260253906,
hpc-mona/po-mso-0_scutella_pb_2_pe_.mona.rev,SUCCESS,0.0023721830000000004,0.015692472457885742,
hpc-mona/po-mso-0_scutella_pb_2_pe_.mona.rev.neg,SUCCESS,0.0022374450000000002,0.01343083381652832,
hpc-mona/po-mso-1-2_scutella_pb_2_pe_.mona,SUCCESS,0.002484305,0.018310070037841797,
hpc-mona/po-mso-1-2_scutella_pb_2_pe_.mona.quant,SUCCESS,0.0015151769999999995,0.014986991882324219,
hpc-mona/po-mso-1-2_scutella_pb_2_pe_.mona.rev,SUCCESS,0.0016714779999999997,0.013320684432983398,
hpc-mona/po-mso-1-2_scutella_pb_2_pe_.mona.rev.neg,SUCCESS,0.001745926,0.016196727752685547,
hpc-mona/po-mso-all_scutella_pb_2_pe_.mona,SUCCESS,0.0017061150000000002,0.015150070190429688,
hpc-mona/po-mso-all_scutella_pb_2_pe_.mona.quant,SUCCESS,0.0016275400000000002,0.013834714889526367,
hpc-mona/po-mso-all_scutella_pb_2_pe_.mona.rev,SUCCESS,0.0018592279999999992,0.014768123626708984,
hpc-mona/po-mso-all_scutella_pb_2_pe_.mona.rev.neg,SUCCESS,0.0016585880000000008,0.01345205307006836,
hpc-mona/scutella_pb_3_pe_.mona,SUCCESS,0.0015290389999999994,0.014980792999267578,
hpc-mona/scutella_pb_3_pe_.mona.rev,SUCCESS,0.0014870509999999997,0.013510942459106445,
hpc-mona/scutella_pb_3_pe_.mona.rev.neg,SUCCESS,0.0017405389999999993,0.0135040283203125,
hpc-mona/po-mso-0_scutella_pb_3_pe_.mona,SUCCESS,0.001667089,0.013786792755126953,
hpc-mona/po-mso-0_scutella_pb_3_pe_.mona.quant,SUCCESS,0.0016762009999999996,0.01634836196899414,
hpc-mona/po-mso-0_scutella_pb_3_pe_.mona.rev,SUCCESS,0.0015986809999999994,0.018964290618896484,
hpc-mona/po-mso-0_scutella_pb_3_pe_.mona.rev.neg,SUCCESS,0.0017445120000000001,0.015918493270874023,
hpc-mona/po-mso-1-2_scutella_pb_3_pe_.mona,SUCCESS,0.0016561519999999993,0.013561487197875977,
hpc-mona/po-mso-1-2_scutella_pb_3_pe_.mona.quant,SUCCESS,0.001464458,0.014236211776733398,
hpc-mona/po-mso-1-2_scutella_pb_3_pe_.mona.rev,SUCCESS,0.0014451829999999992,0.014115333557128906,
hpc-mona/po-mso-1-2_scutella_pb_3_pe_.mona.rev.neg,SUCCESS,0.0016294579999999986,0.01645636558532715,
hpc-mona/po-mso-all_scutella_pb_3_pe_.mona,SUCCESS,0.0015512370000000004,0.013793230056762695,
hpc-mona/po-mso-all_scutella_pb_3_pe_.mona.quant,SUCCESS,0.001607573000000001,0.014189958572387695,
hpc-mona/po-mso-all_scutella_pb_3_pe_.mona.rev,SUCCESS,0.0017091899999999993,0.013073205947875977,
hpc-mona/po-mso-all_scutella_pb_3_pe_.mona.rev.neg,SUCCESS,0.001595998999999999,0.015353202819824219,
hpc-mona/scutella_pb_1_pe_.mona,SUCCESS,0.0016744410000000005,0.013983726501464844,
hpc-mona/scutella_pb_1_pe_.mona.rev,SUCCESS,0.0015050150000000002,0.01755237579345703,
hpc-mona/scutella_pb_1_pe_.mona.rev.neg,SUCCESS,0.0014738189999999995,0.013010740280151367,
hpc-mona/po-mso-0_scutella_pb_1_pe_.mona,SUCCESS,0.0016506799999999999,0.013714075088500977,
hpc-mona/po-mso-0_scutella_pb_1_pe_.mona.quant,SUCCESS,0.0016453419999999993,0.015130996704101562,
hpc-mona/po-mso-0_scutella_pb_1_pe_.mona.rev,SUCCESS,0.0016550560000000002,0.013997077941894531,
hpc-mona/po-mso-0_scutella_pb_1_pe_.mona.rev.neg,SUCCESS,0.001659054,0.014034509658813477,
hpc-mona/po-mso-1-2_scutella_pb_1_pe_.mona,SUCCESS,0.0016742840000000016,0.014622688293457031,
hpc-mona/po-mso-1-2_scutella_pb_1_pe_.mona.quant,SUCCESS,0.0015109340000000002,0.014785289764404297,
hpc-mona/po-mso-1-2_scutella_pb_1_pe_.mona.rev,SUCCESS,0.001521092,0.014869213104248047,
hpc-mona/po-mso-1-2_scutella_pb_1_pe_.mona.rev.neg,SUCCESS,0.001487825,0.013506889343261719,
hpc-mona/po-mso-all_scutella_pb_1_pe_.mona,SUCCESS,0.0016092200000000015,0.013223648071289062,
hpc-mona/po-mso-all_scutella_pb_1_pe_.mona.quant,SUCCESS,0.001449770999999999,0.013639688491821289,
hpc-mona/po-mso-all_scutella_pb_1_pe_.mona.rev,SUCCESS,0.001581983999999998,0.015990257263183594,
hpc-mona/po-mso-all_scutella_pb_1_pe_.mona.rev.neg,SUCCESS,0.0016351739999999997,0.01371312141418457,
hpc-mona/scutella_pb_4_pe_.mona,SUCCESS,0.0016271379999999985,0.013993024826049805,
hpc-mona/scutella_pb_4_pe_.mona.rev,SUCCESS,0.0015005760000000017,0.015388965606689453,
hpc-mona/scutella_pb_4_pe_.mona.rev.neg,SUCCESS,0.0014593550000000007,0.015034675598144531,
hpc-mona/po-mso-0_scutella_pb_4_pe_.mona,SUCCESS,0.0014625620000000006,0.014422178268432617,
hpc-mona/po-mso-0_scutella_pb_4_pe_.mona.quant,SUCCESS,0.0015998470000000015,0.014701604843139648,
hpc-mona/po-mso-0_scutella_pb_4_pe_.mona.rev,SUCCESS,0.0015517950000000016,0.012981176376342773,
hpc-mona/po-mso-0_scutella_pb_4_pe_.mona.rev.neg,SUCCESS,0.001679640999999999,0.013444662094116211,
hpc-mona/po-mso-1-2_scutella_pb_4_pe_.mona,SUCCESS,0.0014584119999999992,0.01454019546508789,
hpc-mona/po-mso-1-2_scutella_pb_4_pe_.mona.quant,SUCCESS,0.0014368800000000015,0.013597249984741211,
hpc-mona/po-mso-1-2_scutella_pb_4_pe_.mona.rev,SUCCESS,0.0016498669999999993,0.015832901000976562,
hpc-mona/po-mso-1-2_scutella_pb_4_pe_.mona.rev.neg,SUCCESS,0.0014118489999999997,0.019338130950927734,
hpc-mona/po-mso-all_scutella_pb_4_pe_.mona,SUCCESS,0.0016740829999999998,0.014915227890014648,
hpc-mona/po-mso-all_scutella_pb_4_pe_.mona.quant,SUCCESS,0.0016137459999999992,0.014920711517333984,
hpc-mona/po-mso-all_scutella_pb_4_pe_.mona.rev,SUCCESS,0.0015817810000000009,0.013406753540039062,
hpc-mona/po-mso-all_scutella_pb_4_pe_.mona.rev.neg,SUCCESS,0.0016551529999999995,0.013305902481079102,
hpc-mona/nim_pb_11_13_pe_.mona,ERROR,0.0016504170000000012,0.32193422317504883,"token too large, exceeds YYLMAX
"
hpc-mona/nim_pb_11_13_pe_.mona.rev,ERROR,0.001579922000000001,0.32257652282714844,"token too large, exceeds YYLMAX
"
hpc-mona/nim_pb_11_13_pe_.mona.rev.neg,ERROR,0.0014955009999999998,0.32265233993530273,"token too large, exceeds YYLMAX
"
hpc-mona/po-mso-0_nim_pb_11_13_pe_.mona,ERROR,0.0016581700000000005,0.32175445556640625,"token too large, exceeds YYLMAX
"
hpc-mona/po-mso-0_nim_pb_11_13_pe_.mona.quant,ERROR,0.0015266030000000014,0.32292938232421875,"token too large, exceeds YYLMAX
"
hpc-mona/po-mso-0_nim_pb_11_13_pe_.mona.rev,ERROR,0.0017127940000000001,0.3227195739746094,"token too large, exceeds YYLMAX
"
hpc-mona/po-mso-0_nim_pb_11_13_pe_.mona.rev.neg,ERROR,0.0016410040000000015,0.32262110710144043,"token too large, exceeds YYLMAX
"
hpc-mona/po-mso-1-2_nim_pb_11_13_pe_.mona,ERROR,0.0015847029999999998,0.32219839096069336,"token too large, exceeds YYLMAX
"
hpc-mona/po-mso-1-2_nim_pb_11_13_pe_.mona.quant,ERROR,0.0014908990000000004,0.3232896327972412,"token too large, exceeds YYLMAX
"
hpc-mona/po-mso-1-2_nim_pb_11_13_pe_.mona.rev,ERROR,0.001485897,0.25928401947021484,"token too large, exceeds YYLMAX
"
hpc-mona/po-mso-1-2_nim_pb_11_13_pe_.mona.rev.neg,ERROR,0.001462271000000001,0.3215937614440918,"token too large, exceeds YYLMAX
"
hpc-mona/po-mso-all_nim_pb_11_13_pe_.mona,ERROR,0.0015917520000000018,0.32335400581359863,"token too large, exceeds YYLMAX
"
hpc-mona/po-mso-all_nim_pb_11_13_pe_.mona.quant,ERROR,0.0016939719999999985,0.32306361198425293,"token too large, exceeds YYLMAX
"
hpc-mona/po-mso-all_nim_pb_11_13_pe_.mona.rev,ERROR,0.0015549250000000021,0.32192397117614746,"token too large, exceeds YYLMAX
"
hpc-mona/po-mso-all_nim_pb_11_13_pe_.mona.rev.neg,ERROR,0.0015877410000000002,0.3221416473388672,"token too large, exceeds YYLMAX
"
hpc-mona/countersDouble_pb_02_pe_.mona,SUCCESS,0.0022458329999999996,0.06389331817626953,
hpc-mona/countersDouble_pb_02_pe_.mona.rev,SUCCESS,0.002377193,0.05387592315673828,
hpc-mona/countersDouble_pb_02_pe_.mona.rev.neg,SUCCESS,0.002563356,0.05231285095214844,
hpc-mona/po-mso-0_countersDouble_pb_02_pe_.mona,SUCCESS,0.002443649,0.06765437126159668,
hpc-mona/po-mso-0_countersDouble_pb_02_pe_.mona.quant,SUCCESS,0.002416723,0.06764888763427734,
hpc-mona/po-mso-0_countersDouble_pb_02_pe_.mona.rev,SUCCESS,0.0024969829999999995,0.05341768264770508,
hpc-mona/po-mso-0_countersDouble_pb_02_pe_.mona.rev.neg,SUCCESS,0.0025128769999999997,0.05272221565246582,
hpc-mona/po-mso-1-2_countersDouble_pb_02_pe_.mona,SUCCESS,0.002444387,0.06679892539978027,
hpc-mona/po-mso-1-2_countersDouble_pb_02_pe_.mona.quant,SUCCESS,0.0015427970000000003,0.06553840637207031,
hpc-mona/po-mso-1-2_countersDouble_pb_02_pe_.mona.rev,SUCCESS,0.0018258140000000003,0.05043649673461914,
hpc-mona/po-mso-1-2_countersDouble_pb_02_pe_.mona.rev.neg,SUCCESS,0.0015939509999999997,0.04944157600402832,
hpc-mona/po-mso-all_countersDouble_pb_02_pe_.mona,SUCCESS,0.0016656459999999998,0.0629432201385498,
hpc-mona/po-mso-all_countersDouble_pb_02_pe_.mona.quant,SUCCESS,0.0015710109999999998,0.0645895004272461,
hpc-mona/po-mso-all_countersDouble_pb_02_pe_.mona.rev,SUCCESS,0.0015029580000000004,0.05200028419494629,
hpc-mona/po-mso-all_countersDouble_pb_02_pe_.mona.rev.neg,SUCCESS,0.0016820519999999999,0.05148816108703613,
hpc-mona/nim_pb_01_03_pe_.mona,SUCCESS,0.0016633709999999994,0.12547802925109863,
hpc-mona/nim_pb_01_03_pe_.mona.rev,SUCCESS,0.0014828790000000003,0.10315656661987305,
hpc-mona/nim_pb_01_03_pe_.mona.rev.neg,SUCCESS,0.0015771740000000006,0.10260009765625,
hpc-mona/po-mso-0_nim_pb_01_03_pe_.mona,SUCCESS,0.0014929159999999995,0.12511897087097168,
hpc-mona/po-mso-0_nim_pb_01_03_pe_.mona.quant,SUCCESS,0.0016126689999999997,0.1272907257080078,
hpc-mona/po-mso-0_nim_pb_01_03_pe_.mona.rev,SUCCESS,0.0015306380000000008,0.1069180965423584,
hpc-mona/po-mso-0_nim_pb_01_03_pe_.mona.rev.neg,SUCCESS,0.0016598299999999993,0.10526227951049805,
hpc-mona/po-mso-1-2_nim_pb_01_03_pe_.mona,SUCCESS,0.0014726559999999993,0.12807703018188477,
hpc-mona/po-mso-1-2_nim_pb_01_03_pe_.mona.quant,SUCCESS,0.0014918809999999996,0.1262953281402588,
hpc-mona/po-mso-1-2_nim_pb_01_03_pe_.mona.rev,SUCCESS,0.00146167,0.10406994819641113,
hpc-mona/po-mso-1-2_nim_pb_01_03_pe_.mona.rev.neg,SUCCESS,0.001480126,0.10234260559082031,
hpc-mona/po-mso-all_nim_pb_01_03_pe_.mona,SUCCESS,0.0015925780000000007,0.12619304656982422,
hpc-mona/po-mso-all_nim_pb_01_03_pe_.mona.quant,SUCCESS,0.001459218,0.1265552043914795,
hpc-mona/po-mso-all_nim_pb_01_03_pe_.mona.rev,SUCCESS,0.001475759,0.10280299186706543,
hpc-mona/po-mso-all_nim_pb_01_03_pe_.mona.rev.neg,SUCCESS,0.0015094840000000002,0.10262846946716309,
hpc-mona/nim_pb_03_15_pe_.mona,ERROR,0.001489784000000001,0.32265377044677734,"token too large, exceeds YYLMAX
"
hpc-mona/nim_pb_03_15_pe_.mona.rev,ERROR,0.0014850320000000007,0.321791410446167,"token too large, exceeds YYLMAX
"
hpc-mona/nim_pb_03_15_pe_.mona.rev.neg,ERROR,0.0016345209999999999,0.32216691970825195,"token too large, exceeds YYLMAX
"
hpc-mona/po-mso-0_nim_pb_03_15_pe_.mona,ERROR,0.0014943049999999996,0.32178544998168945,"token too large, exceeds YYLMAX
"
hpc-mona/po-mso-0_nim_pb_03_15_pe_.mona.quant,ERROR,0.0014576779999999987,0.3226001262664795,"token too large, exceeds YYLMAX
"
hpc-mona/po-mso-0_nim_pb_03_15_pe_.mona.rev,ERROR,0.001516412,0.3224599361419678,"token too large, exceeds YYLMAX
"
hpc-mona/po-mso-0_nim_pb_03_15_pe_.mona.rev.neg,ERROR,0.001650083,0.32387852668762207,"token too large, exceeds YYLMAX
"
hpc-mona/po-mso-1-2_nim_pb_03_15_pe_.mona,ERROR,0.0015202419999999998,0.3223888874053955,"token too large, exceeds YYLMAX
"
hpc-mona/po-mso-1-2_nim_pb_03_15_pe_.mona.quant,ERROR,0.0014774899999999997,0.32306599617004395,"token too large, exceeds YYLMAX
"
hpc-mona/po-mso-1-2_nim_pb_03_15_pe_.mona.rev,ERROR,0.0014909170000000013,0.3224372863769531,"token too large, exceeds YYLMAX
"
hpc-mona/po-mso-1-2_nim_pb_03_15_pe_.mona.rev.neg,ERROR,0.0016346339999999994,0.32206130027770996,"token too large, exceeds YYLMAX
"
hpc-mona/po-mso-all_nim_pb_03_15_pe_.mona,ERROR,0.0014851630000000011,0.32289743423461914,"token too large, exceeds YYLMAX
"
hpc-mona/po-mso-all_nim_pb_03_15_pe_.mona.quant,ERROR,0.0014618419999999997,0.32262110710144043,"token too large, exceeds YYLMAX
"
hpc-mona/po-mso-all_nim_pb_03_15_pe_.mona.rev,ERROR,0.0015288720000000006,0.3228473663330078,"token too large, exceeds YYLMAX
"
hpc-mona/po-mso-all_nim_pb_03_15_pe_.mona.rev.neg,ERROR,0.0015160720000000003,0.32273125648498535,"token too large, exceeds YYLMAX
"
hpc-mona/nim_pb_05_12_pe_.mona,ERROR,0.0016252099999999985,0.322434663772583,"token too large, exceeds YYLMAX
"
hpc-mona/nim_pb_05_12_pe_.mona.rev,ERROR,0.001480495,0.3237431049346924,"token too large, exceeds YYLMAX
"
hpc-mona/nim_pb_05_12_pe_.mona.rev.neg,ERROR,0.0014690150000000006,0.3225278854370117,"token too large, exceeds YYLMAX
"
hpc-mona/po-mso-0_nim_pb_05_12_pe_.mona,ERROR,0.0016156239999999995,0.322695255279541,"token too large, exceeds YYLMAX
"
hpc-mona/po-mso-0_nim_pb_05_12_pe_.mona.quant,ERROR,0.001477809,0.3223550319671631,"token too large, exceeds YYLMAX
"
hpc-mona/po-mso-0_nim_pb_05_12_pe_.mona.rev,ERROR,0.0014839960000000013,0.3224349021911621,"token too large, exceeds YYLMAX
"
hpc-mona/po-mso-0_nim_pb_05_12_pe_.mona.rev.neg,ERROR,0.0015018070000000008,0.3226022720336914,"token too large, exceeds YYLMAX
"
hpc-mona/po-mso-1-2_nim_pb_05_12_pe_.mona,ERROR,0.0015026219999999986,0.3267221450805664,"token too large, exceeds YYLMAX
"
hpc-mona/po-mso-1-2_nim_pb_05_12_pe_.mona.quant,ERROR,0.001619559999999999,0.3227565288543701,"token too large, exceeds YYLMAX
"
hpc-mona/po-mso-1-2_nim_pb_05_12_pe_.mona.rev,ERROR,0.0014600100000000012,0.3221621513366699,"token too large, exceeds YYLMAX
"
hpc-mona/po-mso-1-2_nim_pb_05_12_pe_.mona.rev.neg,ERROR,0.001474052,0.32233262062072754,"token too large, exceeds YYLMAX
"
hpc-mona/po-mso-all_nim_pb_05_12_pe_.mona,ERROR,0.001649859,0.3227410316467285,"token too large, exceeds YYLMAX
"
hpc-mona/po-mso-all_nim_pb_05_12_pe_.mona.quant,ERROR,0.0014630570000000002,0.3223288059234619,"token too large, exceeds YYLMAX
"
hpc-mona/po-mso-all_nim_pb_05_12_pe_.mona.rev,ERROR,0.0014629570000000008,0.3224318027496338,"token too large, exceeds YYLMAX
"
hpc-mona/po-mso-all_nim_pb_05_12_pe_.mona.rev.neg,ERROR,0.0014716030000000019,0.3222794532775879,"token too large, exceeds YYLMAX
"
hpc-mona/nim_pb_04_08_pe_.mona,ERROR,0.0015016269999999984,0.32233572006225586,"token too large, exceeds YYLMAX
"
hpc-mona/nim_pb_04_08_pe_.mona.rev,ERROR,0.0015489160000000009,0.3225994110107422,"token too large, exceeds YYLMAX
"
hpc-mona/nim_pb_04_08_pe_.mona.rev.neg,ERROR,0.001434961000000002,0.3231029510498047,"token too large, exceeds YYLMAX
"
hpc-mona/po-mso-0_nim_pb_04_08_pe_.mona,ERROR,0.0014723820000000012,0.3226761817932129,"token too large, exceeds YYLMAX
"
hpc-mona/po-mso-0_nim_pb_04_08_pe_.mona.quant,ERROR,0.001633693000000002,0.32257747650146484,"token too large, exceeds YYLMAX
"
hpc-mona/po-mso-0_nim_pb_04_08_pe_.mona.rev,ERROR,0.0014783140000000014,0.32224059104919434,"token too large, exceeds YYLMAX
"
hpc-mona/po-mso-0_nim_pb_04_08_pe_.mona.rev.neg,ERROR,0.0014533140000000007,0.3224954605102539,"token too large, exceeds YYLMAX
"
hpc-mona/po-mso-1-2_nim_pb_04_08_pe_.mona,ERROR,0.0014989709999999982,0.3226964473724365,"token too large, exceeds YYLMAX
"
hpc-mona/po-mso-1-2_nim_pb_04_08_pe_.mona.quant,ERROR,0.0015098100000000003,0.3224964141845703,"token too large, exceeds YYLMAX
"
hpc-mona/po-mso-1-2_nim_pb_04_08_pe_.mona.rev,ERROR,0.001485699,0.32227611541748047,"token too large, exceeds YYLMAX
"
hpc-mona/po-mso-1-2_nim_pb_04_08_pe_.mona.rev.neg,ERROR,0.0014424350000000023,0.2771468162536621,"token too large, exceeds YYLMAX
"
hpc-mona/po-mso-all_nim_pb_04_08_pe_.mona,ERROR,0.0014845339999999992,0.265181303024292,"token too large, exceeds YYLMAX
"
hpc-mona/po-mso-all_nim_pb_04_08_pe_.mona.quant,ERROR,0.0015793820000000007,0.265857458114624,"token too large, exceeds YYLMAX
"
hpc-mona/po-mso-all_nim_pb_04_08_pe_.mona.rev,ERROR,0.0014343080000000022,0.3223683834075928,"token too large, exceeds YYLMAX
"
hpc-mona/po-mso-all_nim_pb_04_08_pe_.mona.rev.neg,ERROR,0.001420717000000002,0.3170485496520996,"token too large, exceeds YYLMAX
"
hpc-mona/nim_pb_04_04_pe_.mona,ERROR,0.002325207,0.3244192600250244,"token too large, exceeds YYLMAX
"
hpc-mona/nim_pb_04_04_pe_.mona.rev,ERROR,0.0021880370000000003,0.32382726669311523,"token too large, exceeds YYLMAX
"
hpc-mona/nim_pb_04_04_pe_.mona.rev.neg,ERROR,0.002246651,0.32440996170043945,"token too large, exceeds YYLMAX
"
hpc-mona/po-mso-0_nim_pb_04_04_pe_.mona,ERROR,0.0025206620000000003,0.32558631896972656,"token too large, exceeds YYLMAX
"
hpc-mona/po-mso-0_nim_pb_04_04_pe_.mona.quant,ERROR,0.0025153809999999997,0.32559943199157715,"token too large, exceeds YYLMAX
"
hpc-mona/po-mso-0_nim_pb_04_04_pe_.mona.rev,ERROR,0.0025327660000000005,0.32513427734375,"token too large, exceeds YYLMAX
"
hpc-mona/po-mso-0_nim_pb_04_04_pe_.mona.rev.neg,ERROR,0.00241347,0.33216071128845215,"token too large, exceeds YYLMAX
"
hpc-mona/po-mso-1-2_nim_pb_04_04_pe_.mona,ERROR,0.002779638,0.32402873039245605,"token too large, exceeds YYLMAX
"
hpc-mona/po-mso-1-2_nim_pb_04_04_pe_.mona.quant,ERROR,0.0016694299999999995,0.32293128967285156,"token too large, exceeds YYLMAX
"
hpc-mona/po-mso-1-2_nim_pb_04_04_pe_.mona.rev,ERROR,0.0017132320000000003,0.3225851058959961,"token too large, exceeds YYLMAX
"
hpc-mona/po-mso-1-2_nim_pb_04_04_pe_.mona.rev.neg,ERROR,0.0015943159999999993,0.32262516021728516,"token too large, exceeds YYLMAX
"
hpc-mona/po-mso-all_nim_pb_04_04_pe_.mona,ERROR,0.0018287199999999998,0.32462215423583984,"token too large, exceeds YYLMAX
"
hpc-mona/po-mso-all_nim_pb_04_04_pe_.mona.quant,ERROR,0.0017601350000000003,0.32291722297668457,"token too large, exceeds YYLMAX
"
hpc-mona/po-mso-all_nim_pb_04_04_pe_.mona.rev,ERROR,0.0017719060000000002,0.32539844512939453,"token too large, exceeds YYLMAX
"
hpc-mona/po-mso-all_nim_pb_04_04_pe_.mona.rev.neg,ERROR,0.0018859010000000006,0.3240635395050049,"token too large, exceeds YYLMAX
"
hpc-mona/nim_pb_07_08_pe_.mona,ERROR,0.0016955369999999996,0.32240939140319824,"token too large, exceeds YYLMAX
"
hpc-mona/nim_pb_07_08_pe_.mona.rev,ERROR,0.0016897560000000006,0.32245349884033203,"token too large, exceeds YYLMAX
"
hpc-mona/nim_pb_07_08_pe_.mona.rev.neg,ERROR,0.0017057670000000004,0.32345056533813477,"token too large, exceeds YYLMAX
"
hpc-mona/po-mso-0_nim_pb_07_08_pe_.mona,ERROR,0.0019733630000000005,0.32329726219177246,"token too large, exceeds YYLMAX
"
hpc-mona/po-mso-0_nim_pb_07_08_pe_.mona.quant,ERROR,0.0016668919999999997,0.3233170509338379,"token too large, exceeds YYLMAX
"
hpc-mona/po-mso-0_nim_pb_07_08_pe_.mona.rev,ERROR,0.0015840259999999988,0.32337069511413574,"token too large, exceeds YYLMAX
"
hpc-mona/po-mso-0_nim_pb_07_08_pe_.mona.rev.neg,ERROR,0.001623678,0.322706937789917,"token too large, exceeds YYLMAX
"
hpc-mona/po-mso-1-2_nim_pb_07_08_pe_.mona,ERROR,0.0017139800000000004,0.3238348960876465,"token too large, exceeds YYLMAX
"
hpc-mona/po-mso-1-2_nim_pb_07_08_pe_.mona.quant,ERROR,0.0016023879999999997,0.3230557441711426,"token too large, exceeds YYLMAX
"
hpc-mona/po-mso-1-2_nim_pb_07_08_pe_.mona.rev,ERROR,0.0015084810000000008,0.32239723205566406,"token too large, exceeds YYLMAX
"
hpc-mona/po-mso-1-2_nim_pb_07_08_pe_.mona.rev.neg,ERROR,0.001802040999999999,0.3234875202178955,"token too large, exceeds YYLMAX
"
hpc-mona/po-mso-all_nim_pb_07_08_pe_.mona,ERROR,0.0017849440000000001,0.322796106338501,"token too large, exceeds YYLMAX
"
hpc-mona/po-mso-all_nim_pb_07_08_pe_.mona.quant,ERROR,0.0015973730000000009,0.3230552673339844,"token too large, exceeds YYLMAX
"
hpc-mona/po-mso-all_nim_pb_07_08_pe_.mona.rev,ERROR,0.0016274110000000005,0.32207489013671875,"token too large, exceeds YYLMAX
"
hpc-mona/po-mso-all_nim_pb_07_08_pe_.mona.rev.neg,ERROR,0.001735215,0.32349395751953125,"token too large, exceeds YYLMAX
"
hpc-mona/nim_pb_16_20_pe_.mona,ERROR,0.0017361679999999997,0.32224249839782715,"token too large, exceeds YYLMAX
"
hpc-mona/nim_pb_16_20_pe_.mona.rev,ERROR,0.001589877,0.322399377822876,"token too large, exceeds YYLMAX
"
hpc-mona/nim_pb_16_20_pe_.mona.rev.neg,ERROR,0.0015214349999999998,0.3228282928466797,"token too large, exceeds YYLMAX
"
hpc-mona/po-mso-0_nim_pb_16_20_pe_.mona,ERROR,0.0015552649999999984,0.3231775760650635,"token too large, exceeds YYLMAX
"
hpc-mona/po-mso-0_nim_pb_16_20_pe_.mona.quant,ERROR,0.0016134029999999994,0.32427239418029785,"token too large, exceeds YYLMAX
"
hpc-mona/po-mso-0_nim_pb_16_20_pe_.mona.rev,ERROR,0.0016783470000000002,0.3228485584259033,"token too large, exceeds YYLMAX
"
hpc-mona/po-mso-0_nim_pb_16_20_pe_.mona.rev.neg,ERROR,0.001712946,0.3245100975036621,"token too large, exceeds YYLMAX
"
hpc-mona/po-mso-1-2_nim_pb_16_20_pe_.mona,ERROR,0.0018002279999999992,0.3230900764465332,"token too large, exceeds YYLMAX
"
hpc-mona/po-mso-1-2_nim_pb_16_20_pe_.mona.quant,ERROR,0.0016459579999999994,0.32370972633361816,"token too large, exceeds YYLMAX
"
hpc-mona/po-mso-1-2_nim_pb_16_20_pe_.mona.rev,ERROR,0.001571972999999999,0.3224496841430664,"token too large, exceeds YYLMAX
"
hpc-mona/po-mso-1-2_nim_pb_16_20_pe_.mona.rev.neg,ERROR,0.0015216320000000002,0.32181358337402344,"token too large, exceeds YYLMAX
"
hpc-mona/po-mso-all_nim_pb_16_20_pe_.mona,ERROR,0.0015425469999999983,0.32196521759033203,"token too large, exceeds YYLMAX
"
hpc-mona/po-mso-all_nim_pb_16_20_pe_.mona.quant,ERROR,0.0017233490000000008,0.3225405216217041,"token too large, exceeds YYLMAX
"
hpc-mona/po-mso-all_nim_pb_16_20_pe_.mona.rev,ERROR,0.001656819000000002,0.32349348068237305,"token too large, exceeds YYLMAX
"
hpc-mona/po-mso-all_nim_pb_16_20_pe_.mona.rev.neg,ERROR,0.0016282759999999997,0.3223233222961426,"token too large, exceeds YYLMAX
"
hpc-mona/nim_pb_05_02_pe_.mona,ERROR,0.0019287829999999999,0.3231782913208008,"token too large, exceeds YYLMAX
"
hpc-mona/nim_pb_05_02_pe_.mona.rev,ERROR,0.0016379050000000003,0.3225560188293457,"token too large, exceeds YYLMAX
"
hpc-mona/nim_pb_05_02_pe_.mona.rev.neg,ERROR,0.0016558380000000015,0.32280826568603516,"token too large, exceeds YYLMAX
"
hpc-mona/po-mso-0_nim_pb_05_02_pe_.mona,ERROR,0.00149177,0.3222196102142334,"token too large, exceeds YYLMAX
"
hpc-mona/po-mso-0_nim_pb_05_02_pe_.mona.quant,ERROR,0.001495543999999998,0.32250022888183594,"token too large, exceeds YYLMAX
"
hpc-mona/po-mso-0_nim_pb_05_02_pe_.mona.rev,ERROR,0.0015652609999999983,0.3224780559539795,"token too large, exceeds YYLMAX
"
hpc-mona/po-mso-0_nim_pb_05_02_pe_.mona.rev.neg,ERROR,0.0017194569999999972,0.3227803707122803,"token too large, exceeds YYLMAX
"
hpc-mona/po-mso-1-2_nim_pb_05_02_pe_.mona,ERROR,0.001766104999999997,0.3231215476989746,"token too large, exceeds YYLMAX
"
hpc-mona/po-mso-1-2_nim_pb_05_02_pe_.mona.quant,ERROR,0.0016329859999999995,0.32225847244262695,"token too large, exceeds YYLMAX
"
hpc-mona/po-mso-1-2_nim_pb_05_02_pe_.mona.rev,ERROR,0.001678049000000001,0.3233039379119873,"token too large, exceeds YYLMAX
"
hpc-mona/po-mso-1-2_nim_pb_05_02_pe_.mona.rev.neg,ERROR,0.0016198419999999998,0.3226196765899658,"token too large, exceeds YYLMAX
"
hpc-mona/po-mso-all_nim_pb_05_02_pe_.mona,ERROR,0.0014900150000000008,0.32271480560302734,"token too large, exceeds YYLMAX
"
hpc-mona/po-mso-all_nim_pb_05_02_pe_.mona.quant,ERROR,0.001532971999999997,0.32224202156066895,"token too large, exceeds YYLMAX
"
hpc-mona/po-mso-all_nim_pb_05_02_pe_.mona.rev,ERROR,0.0015975730000000014,0.3221726417541504,"token too large, exceeds YYLMAX
"
hpc-mona/po-mso-all_nim_pb_05_02_pe_.mona.rev.neg,ERROR,0.001565579000000001,0.32400012016296387,"token too large, exceeds YYLMAX
"
hpc-mona/nim_pb_15_19_pe_.mona,ERROR,0.0018900949999999979,0.3230290412902832,"token too large, exceeds YYLMAX
"
hpc-mona/nim_pb_15_19_pe_.mona.rev,ERROR,0.0017315250000000011,0.32436656951904297,"token too large, exceeds YYLMAX
"
hpc-mona/nim_pb_15_19_pe_.mona.rev.neg,ERROR,0.0017302960000000027,0.32251930236816406,"token too large, exceeds YYLMAX
"
hpc-mona/po-mso-0_nim_pb_15_19_pe_.mona,ERROR,0.001949915,0.3233938217163086,"token too large, exceeds YYLMAX
"
hpc-mona/po-mso-0_nim_pb_15_19_pe_.mona.quant,ERROR,0.0015118130000000007,0.32352280616760254,"token too large, exceeds YYLMAX
"
hpc-mona/po-mso-0_nim_pb_15_19_pe_.mona.rev,ERROR,0.0017014610000000013,0.3229227066040039,"token too large, exceeds YYLMAX
"
hpc-mona/po-mso-0_nim_pb_15_19_pe_.mona.rev.neg,ERROR,0.0014576360000000017,0.32323765754699707,"token too large, exceeds YYLMAX
"
hpc-mona/po-mso-1-2_nim_pb_15_19_pe_.mona,ERROR,0.0015856070000000028,0.3227550983428955,"token too large, exceeds YYLMAX
"
hpc-mona/po-mso-1-2_nim_pb_15_19_pe_.mona.quant,ERROR,0.001563193000000001,0.3226132392883301,"token too large, exceeds YYLMAX
"
hpc-mona/po-mso-1-2_nim_pb_15_19_pe_.mona.rev,ERROR,0.0017665949999999993,0.3249204158782959,"token too large, exceeds YYLMAX
"
hpc-mona/po-mso-1-2_nim_pb_15_19_pe_.mona.rev.neg,ERROR,0.001656846,0.3221728801727295,"token too large, exceeds YYLMAX
"
hpc-mona/po-mso-all_nim_pb_15_19_pe_.mona,ERROR,0.001638424000000003,0.32253360748291016,"token too large, exceeds YYLMAX
"
hpc-mona/po-mso-all_nim_pb_15_19_pe_.mona.quant,ERROR,0.0015065109999999986,0.2588076591491699,"token too large, exceeds YYLMAX
"
hpc-mona/po-mso-all_nim_pb_15_19_pe_.mona.rev,ERROR,0.0017280260000000006,0.265012264251709,"token too large, exceeds YYLMAX
"
hpc-mona/po-mso-all_nim_pb_15_19_pe_.mona.rev.neg,ERROR,0.0016699420000000006,0.2642679214477539,"token too large, exceeds YYLMAX
"
hpc-mona/nim_pb_15_13_pe_.mona,ERROR,0.0027791609999999996,0.3244919776916504,"token too large, exceeds YYLMAX
"
hpc-mona/nim_pb_15_13_pe_.mona.rev,ERROR,0.0026919910000000003,0.3261995315551758,"token too large, exceeds YYLMAX
"
hpc-mona/nim_pb_15_13_pe_.mona.rev.neg,ERROR,0.0025511030000000003,0.3269176483154297,"token too large, exceeds YYLMAX
"
hpc-mona/po-mso-0_nim_pb_15_13_pe_.mona,ERROR,0.002692199,0.3259289264678955,"token too large, exceeds YYLMAX
"
hpc-mona/po-mso-0_nim_pb_15_13_pe_.mona.quant,ERROR,0.002778521,0.32744455337524414,"token too large, exceeds YYLMAX
"
hpc-mona/po-mso-0_nim_pb_15_13_pe_.mona.rev,ERROR,0.002655953,0.3272702693939209,"token too large, exceeds YYLMAX
"
hpc-mona/po-mso-0_nim_pb_15_13_pe_.mona.rev.neg,ERROR,0.0027786959999999998,0.3305320739746094,"token too large, exceeds YYLMAX
"
hpc-mona/po-mso-1-2_nim_pb_15_13_pe_.mona,ERROR,0.0024549240000000003,0.3239929676055908,"token too large, exceeds YYLMAX
"
hpc-mona/po-mso-1-2_nim_pb_15_13_pe_.mona.quant,ERROR,0.0019929550000000002,0.32428836822509766,"token too large, exceeds YYLMAX
"
hpc-mona/po-mso-1-2_nim_pb_15_13_pe_.mona.rev,ERROR,0.0019481790000000004,0.32419419288635254,"token too large, exceeds YYLMAX
"
hpc-mona/po-mso-1-2_nim_pb_15_13_pe_.mona.rev.neg,ERROR,0.0020929830000000005,0.32486653327941895,"token too large, exceeds YYLMAX
"
hpc-mona/po-mso-all_nim_pb_15_13_pe_.mona,ERROR,0.002101701,0.3256535530090332,"token too large, exceeds YYLMAX
"
hpc-mona/po-mso-all_nim_pb_15_13_pe_.mona.quant,ERROR,0.0022574310000000007,0.3246462345123291,"token too large, exceeds YYLMAX
"
hpc-mona/po-mso-all_nim_pb_15_13_pe_.mona.rev,ERROR,0.0020942850000000004,0.32579803466796875,"token too large, exceeds YYLMAX
"
hpc-mona/po-mso-all_nim_pb_15_13_pe_.mona.rev.neg,ERROR,0.002119915000000001,0.3245968818664551,"token too large, exceeds YYLMAX
"
hpc-mona/nim_pb_04_07_pe_.mona,ERROR,0.0020616800000000006,0.32358598709106445,"token too large, exceeds YYLMAX
"
hpc-mona/nim_pb_04_07_pe_.mona.rev,ERROR,0.0020253330000000007,0.3255617618560791,"token too large, exceeds YYLMAX
"
hpc-mona/nim_pb_04_07_pe_.mona.rev.neg,ERROR,0.002023327,0.3245556354522705,"token too large, exceeds YYLMAX
"
hpc-mona/po-mso-0_nim_pb_04_07_pe_.mona,ERROR,0.001992941,0.3239278793334961,"token too large, exceeds YYLMAX
"
hpc-mona/po-mso-0_nim_pb_04_07_pe_.mona.quant,ERROR,0.002096288,0.32415246963500977,"token too large, exceeds YYLMAX
"
hpc-mona/po-mso-0_nim_pb_04_07_pe_.mona.rev,ERROR,0.0022672860000000003,0.3242981433868408,"token too large, exceeds YYLMAX
"
hpc-mona/po-mso-0_nim_pb_04_07_pe_.mona.rev.neg,ERROR,0.0023200670000000003,0.3254430294036865,"token too large, exceeds YYLMAX
"
hpc-mona/po-mso-1-2_nim_pb_04_07_pe_.mona,ERROR,0.0020301270000000014,0.32399892807006836,"token too large, exceeds YYLMAX
"
hpc-mona/po-mso-1-2_nim_pb_04_07_pe_.mona.quant,ERROR,0.002204211999999999,0.32419252395629883,"token too large, exceeds YYLMAX
"
hpc-mona/po-mso-1-2_nim_pb_04_07_pe_.mona.rev,ERROR,0.0020045749999999998,0.32415318489074707,"token too large, exceeds YYLMAX
"
hpc-mona/po-mso-1-2_nim_pb_04_07_pe_.mona.rev.neg,ERROR,0.0020736680000000007,0.3260369300842285,"token too large, exceeds YYLMAX
"
hpc-mona/po-mso-all_nim_pb_04_07_pe_.mona,ERROR,0.0021425029999999987,0.32597804069519043,"token too large, exceeds YYLMAX
"
hpc-mona/po-mso-all_nim_pb_04_07_pe_.mona.quant,ERROR,0.002065289999999999,0.32532167434692383,"token too large, exceeds YYLMAX
"
hpc-mona/po-mso-all_nim_pb_04_07_pe_.mona.rev,ERROR,0.0021841340000000008,0.32526063919067383,"token too large, exceeds YYLMAX
"
hpc-mona/po-mso-all_nim_pb_04_07_pe_.mona.rev.neg,ERROR,0.002043211999999999,0.3240668773651123,"token too large, exceeds YYLMAX
"
hpc-mona/nim_pb_16_02_pe_.mona,ERROR,0.002223302,0.3247807025909424,"token too large, exceeds YYLMAX
"
hpc-mona/nim_pb_16_02_pe_.mona.rev,ERROR,0.0023601200000000003,0.3251345157623291,"token too large, exceeds YYLMAX
"
hpc-mona/nim_pb_16_02_pe_.mona.rev.neg,ERROR,0.002032454999999999,0.3210110664367676,"token too large, exceeds YYLMAX
"
hpc-mona/po-mso-0_nim_pb_16_02_pe_.mona,ERROR,0.002123936,0.3236689567565918,"token too large, exceeds YYLMAX
"
hpc-mona/po-mso-0_nim_pb_16_02_pe_.mona.quant,ERROR,0.002071603,0.3222966194152832,"token too large, exceeds YYLMAX
"
hpc-mona/po-mso-0_nim_pb_16_02_pe_.mona.rev,ERROR,0.002121053000000001,0.3261270523071289,"token too large, exceeds YYLMAX
"
hpc-mona/po-mso-0_nim_pb_16_02_pe_.mona.rev.neg,ERROR,0.0020887760000000005,0.3216276168823242,"token too large, exceeds YYLMAX
"
hpc-mona/po-mso-1-2_nim_pb_16_02_pe_.mona,ERROR,0.0020782590000000007,0.333404541015625,"token too large, exceeds YYLMAX
"
hpc-mona/po-mso-1-2_nim_pb_16_02_pe_.mona.quant,ERROR,0.001999382000000001,0.3338005542755127,"token too large, exceeds YYLMAX
"
hpc-mona/po-mso-1-2_nim_pb_16_02_pe_.mona.rev,ERROR,0.0019931410000000004,0.3330214023590088,"token too large, exceeds YYLMAX
"
hpc-mona/po-mso-1-2_nim_pb_16_02_pe_.mona.rev.neg,ERROR,0.0019772490000000004,0.32445549964904785,"token too large, exceeds YYLMAX
"
hpc-mona/po-mso-all_nim_pb_16_02_pe_.mona,ERROR,0.001926953999999998,0.32375073432922363,"token too large, exceeds YYLMAX
"
hpc-mona/po-mso-all_nim_pb_16_02_pe_.mona.quant,ERROR,0.0018875130000000004,0.32392048835754395,"token too large, exceeds YYLMAX
"
hpc-mona/po-mso-all_nim_pb_16_02_pe_.mona.rev,ERROR,0.002067428000000003,0.32439541816711426,"token too large, exceeds YYLMAX
"
hpc-mona/po-mso-all_nim_pb_16_02_pe_.mona.rev.neg,ERROR,0.0018876289999999983,0.3236856460571289,"token too large, exceeds YYLMAX
"
hpc-mona/nim_pb_07_01_pe_.mona,ERROR,0.001944656000000003,0.32419419288635254,"token too large, exceeds YYLMAX
"
hpc-mona/nim_pb_07_01_pe_.mona.rev,ERROR,0.0017778360000000014,0.32305359840393066,"token too large, exceeds YYLMAX
"
hpc-mona/nim_pb_07_01_pe_.mona.rev.neg,ERROR,0.001876003999999997,0.3234894275665283,"token too large, exceeds YYLMAX
"
hpc-mona/po-mso-0_nim_pb_07_01_pe_.mona,ERROR,0.001991973000000001,0.32389211654663086,"token too large, exceeds YYLMAX
"
hpc-mona/po-mso-0_nim_pb_07_01_pe_.mona.quant,ERROR,0.001941463000000001,0.3251667022705078,"token too large, exceeds YYLMAX
"
hpc-mona/po-mso-0_nim_pb_07_01_pe_.mona.rev,ERROR,0.0020289570000000014,0.32372593879699707,"token too large, exceeds YYLMAX
"
hpc-mona/po-mso-0_nim_pb_07_01_pe_.mona.rev.neg,ERROR,0.0019219819999999992,0.32518982887268066,"token too large, exceeds YYLMAX
"
hpc-mona/po-mso-1-2_nim_pb_07_01_pe_.mona,ERROR,0.0021095909999999975,0.324021577835083,"token too large, exceeds YYLMAX
"
hpc-mona/po-mso-1-2_nim_pb_07_01_pe_.mona.quant,ERROR,0.001873342,0.32355427742004395,"token too large, exceeds YYLMAX
"
hpc-mona/po-mso-1-2_nim_pb_07_01_pe_.mona.rev,ERROR,0.0018351409999999985,0.32391357421875,"token too large, exceeds YYLMAX
"
hpc-mona/po-mso-1-2_nim_pb_07_01_pe_.mona.rev.neg,ERROR,0.0019107179999999988,0.3230006694793701,"token too large, exceeds YYLMAX
"
hpc-mona/po-mso-all_nim_pb_07_01_pe_.mona,ERROR,0.0020684959999999995,0.30818796157836914,"token too large, exceeds YYLMAX
"
hpc-mona/po-mso-all_nim_pb_07_01_pe_.mona.quant,ERROR,0.002001096000000001,0.32402968406677246,"token too large, exceeds YYLMAX
"
hpc-mona/po-mso-all_nim_pb_07_01_pe_.mona.rev,ERROR,0.001931862999999999,0.3051450252532959,"token too large, exceeds YYLMAX
"
hpc-mona/po-mso-all_nim_pb_07_01_pe_.mona.rev.neg,ERROR,0.0021094839999999983,0.3241593837738037,"token too large, exceeds YYLMAX
"
hpc-mona/counter_pb_10_pe_.mona,SUCCESS,0.0018363139999999986,0.41043734550476074,
hpc-mona/counter_pb_10_pe_.mona.rev,SUCCESS,0.0018425669999999998,13.693564176559448,
hpc-mona/counter_pb_10_pe_.mona.rev.neg,SUCCESS,0.0019529259999999972,14.284318447113037,
hpc-mona/po-mso-0_counter_pb_10_pe_.mona,SUCCESS,0.0019612039999999976,0.4126584529876709,
hpc-mona/po-mso-0_counter_pb_10_pe_.mona.quant,SUCCESS,0.0021337319999999993,0.3715324401855469,
hpc-mona/po-mso-0_counter_pb_10_pe_.mona.rev,SUCCESS,0.002127131000000001,13.94030499458313,
hpc-mona/po-mso-0_counter_pb_10_pe_.mona.rev.neg,SUCCESS,0.002167729,13.946058511734009,
hpc-mona/po-mso-1-2_counter_pb_10_pe_.mona,SUCCESS,0.0021954669999999996,0.3995943069458008,
hpc-mona/po-mso-1-2_counter_pb_10_pe_.mona.quant,SUCCESS,0.0022514270000000003,0.3864152431488037,
hpc-mona/po-mso-1-2_counter_pb_10_pe_.mona.rev,SUCCESS,0.002015184999999999,13.6849684715271,
hpc-mona/po-mso-1-2_counter_pb_10_pe_.mona.rev.neg,SUCCESS,0.002806621999999998,14.312689065933228,
hpc-mona/po-mso-all_counter_pb_10_pe_.mona,SUCCESS,0.0020513559999999972,0.3638327121734619,
hpc-mona/po-mso-all_counter_pb_10_pe_.mona.quant,SUCCESS,0.0028517129999999988,0.3647487163543701,
hpc-mona/po-mso-all_counter_pb_10_pe_.mona.rev,SUCCESS,0.002074109999999997,14.025413990020752,
hpc-mona/po-mso-all_counter_pb_10_pe_.mona.rev.neg,SUCCESS,0.0020941829999999995,14.246240615844727,
hpc-mona/nim_pb_12_12_pe_.mona,ERROR,0.0025058990000000002,0.3248567581176758,"token too large, exceeds YYLMAX
"
hpc-mona/nim_pb_12_12_pe_.mona.rev,ERROR,0.002375278,0.32440876960754395,"token too large, exceeds YYLMAX
"
hpc-mona/nim_pb_12_12_pe_.mona.rev.neg,ERROR,0.002785266,0.3249068260192871,"token too large, exceeds YYLMAX
"
hpc-mona/po-mso-0_nim_pb_12_12_pe_.mona,ERROR,0.002692004,0.32796645164489746,"token too large, exceeds YYLMAX
"
hpc-mona/po-mso-0_nim_pb_12_12_pe_.mona.quant,ERROR,0.002745139,0.324373722076416,"token too large, exceeds YYLMAX
"
hpc-mona/po-mso-0_nim_pb_12_12_pe_.mona.rev,ERROR,0.002670466,0.324688196182251,"token too large, exceeds YYLMAX
"
hpc-mona/po-mso-0_nim_pb_12_12_pe_.mona.rev.neg,ERROR,0.002719517,0.3264598846435547,"token too large, exceeds YYLMAX
"
hpc-mona/po-mso-1-2_nim_pb_12_12_pe_.mona,ERROR,0.002707737,0.3243992328643799,"token too large, exceeds YYLMAX
"
hpc-mona/po-mso-1-2_nim_pb_12_12_pe_.mona.quant,ERROR,0.0021563170000000005,0.3251655101776123,"token too large, exceeds YYLMAX
"
hpc-mona/po-mso-1-2_nim_pb_12_12_pe_.mona.rev,ERROR,0.0019491840000000005,0.3247659206390381,"token too large, exceeds YYLMAX
"
hpc-mona/po-mso-1-2_nim_pb_12_12_pe_.mona.rev.neg,ERROR,0.00191236,0.32410478591918945,"token too large, exceeds YYLMAX
"
hpc-mona/po-mso-all_nim_pb_12_12_pe_.mona,ERROR,0.0019388009999999995,0.3256068229675293,"token too large, exceeds YYLMAX
"
hpc-mona/po-mso-all_nim_pb_12_12_pe_.mona.quant,ERROR,0.0021903799999999996,0.32488489151000977,"token too large, exceeds YYLMAX
"
hpc-mona/po-mso-all_nim_pb_12_12_pe_.mona.rev,ERROR,0.0022681989999999994,0.3256263732910156,"token too large, exceeds YYLMAX
"
hpc-mona/po-mso-all_nim_pb_12_12_pe_.mona.rev.neg,ERROR,0.0023070359999999993,0.3252685070037842,"token too large, exceeds YYLMAX
"
hpc-mona/nim_pb_11_18_pe_.mona,ERROR,0.002160795000000001,0.32445454597473145,"token too large, exceeds YYLMAX
"
hpc-mona/nim_pb_11_18_pe_.mona.rev,ERROR,0.0021532719999999995,0.32529377937316895,"token too large, exceeds YYLMAX
"
hpc-mona/nim_pb_11_18_pe_.mona.rev.neg,ERROR,0.002221303000000001,0.3248941898345947,"token too large, exceeds YYLMAX
"
hpc-mona/po-mso-0_nim_pb_11_18_pe_.mona,ERROR,0.0021374310000000004,0.32371997833251953,"token too large, exceeds YYLMAX
"
hpc-mona/po-mso-0_nim_pb_11_18_pe_.mona.quant,ERROR,0.0019630839999999986,0.3251035213470459,"token too large, exceeds YYLMAX
"
hpc-mona/po-mso-0_nim_pb_11_18_pe_.mona.rev,ERROR,0.0023030810000000002,0.32505106925964355,"token too large, exceeds YYLMAX
"
hpc-mona/po-mso-0_nim_pb_11_18_pe_.mona.rev.neg,ERROR,0.0020550529999999994,0.32425665855407715,"token too large, exceeds YYLMAX
"
hpc-mona/po-mso-1-2_nim_pb_11_18_pe_.mona,ERROR,0.002264005999999999,0.32486391067504883,"token too large, exceeds YYLMAX
"
hpc-mona/po-mso-1-2_nim_pb_11_18_pe_.mona.quant,ERROR,0.0021380410000000002,0.32428836822509766,"token too large, exceeds YYLMAX
"
hpc-mona/po-mso-1-2_nim_pb_11_18_pe_.mona.rev,ERROR,0.002167169,0.32585930824279785,"token too large, exceeds YYLMAX
"
hpc-mona/po-mso-1-2_nim_pb_11_18_pe_.mona.rev.neg,ERROR,0.0019463559999999998,0.32544898986816406,"token too large, exceeds YYLMAX
"
hpc-mona/po-mso-all_nim_pb_11_18_pe_.mona,ERROR,0.002046285,0.3249387741088867,"token too large, exceeds YYLMAX
"
hpc-mona/po-mso-all_nim_pb_11_18_pe_.mona.quant,ERROR,0.0019628740000000016,0.32489705085754395,"token too large, exceeds YYLMAX
"
hpc-mona/po-mso-all_nim_pb_11_18_pe_.mona.rev,ERROR,0.002011081999999999,0.325148344039917,"token too large, exceeds YYLMAX
"
hpc-mona/po-mso-all_nim_pb_11_18_pe_.mona.rev.neg,ERROR,0.00216008,0.3246467113494873,"token too large, exceeds YYLMAX
"
hpc-mona/nim_pb_08_15_pe_.mona,ERROR,0.002129222,0.324601411819458,"token too large, exceeds YYLMAX
"
hpc-mona/nim_pb_08_15_pe_.mona.rev,ERROR,0.002095556,0.32465505599975586,"token too large, exceeds YYLMAX
"
hpc-mona/nim_pb_08_15_pe_.mona.rev.neg,ERROR,0.0020376839999999997,0.32193446159362793,"token too large, exceeds YYLMAX
"
hpc-mona/po-mso-0_nim_pb_08_15_pe_.mona,ERROR,0.0020695090000000006,0.325685977935791,"token too large, exceeds YYLMAX
"
hpc-mona/po-mso-0_nim_pb_08_15_pe_.mona.quant,ERROR,0.002083884000000001,0.3267390727996826,"token too large, exceeds YYLMAX
"
hpc-mona/po-mso-0_nim_pb_08_15_pe_.mona.rev,ERROR,0.002109175999999999,0.3245506286621094,"token too large, exceeds YYLMAX
"
hpc-mona/po-mso-0_nim_pb_08_15_pe_.mona.rev.neg,ERROR,0.0021719980000000014,0.323772668838501,"token too large, exceeds YYLMAX
"
hpc-mona/po-mso-1-2_nim_pb_08_15_pe_.mona,ERROR,0.0019375430000000016,0.3236865997314453,"token too large, exceeds YYLMAX
"
hpc-mona/po-mso-1-2_nim_pb_08_15_pe_.mona.quant,ERROR,0.0019421699999999983,0.3263082504272461,"token too large, exceeds YYLMAX
"
hpc-mona/po-mso-1-2_nim_pb_08_15_pe_.mona.rev,ERROR,0.0021080979999999992,0.33454298973083496,"token too large, exceeds YYLMAX
"
hpc-mona/po-mso-1-2_nim_pb_08_15_pe_.mona.rev.neg,ERROR,0.0021030250000000014,0.3244009017944336,"token too large, exceeds YYLMAX
"
hpc-mona/po-mso-all_nim_pb_08_15_pe_.mona,ERROR,0.0019688019999999987,0.32415175437927246,"token too large, exceeds YYLMAX
"
hpc-mona/po-mso-all_nim_pb_08_15_pe_.mona.quant,ERROR,0.0018720639999999997,0.32453298568725586,"token too large, exceeds YYLMAX
"
hpc-mona/po-mso-all_nim_pb_08_15_pe_.mona.rev,ERROR,0.0021442049999999997,0.3381989002227783,"token too large, exceeds YYLMAX
"
hpc-mona/po-mso-all_nim_pb_08_15_pe_.mona.rev.neg,ERROR,0.0020103219999999984,0.32375311851501465,"token too large, exceeds YYLMAX
"
hpc-mona/countersDouble_pb_11_pe_.mona,ERROR,0.001962835000000003,0.5215499401092529,"token too large, exceeds YYLMAX
"
hpc-mona/countersDouble_pb_11_pe_.mona.rev,ERROR,0.002013453999999998,0.5174200534820557,"token too large, exceeds YYLMAX
"
hpc-mona/countersDouble_pb_11_pe_.mona.rev.neg,ERROR,0.0018800799999999993,0.5197465419769287,"token too large, exceeds YYLMAX
"
hpc-mona/po-mso-0_countersDouble_pb_11_pe_.mona,ERROR,0.002100374999999998,0.5215227603912354,"token too large, exceeds YYLMAX
"
hpc-mona/po-mso-0_countersDouble_pb_11_pe_.mona.quant,ERROR,0.0020328150000000003,0.5208663940429688,"token too large, exceeds YYLMAX
"
hpc-mona/po-mso-0_countersDouble_pb_11_pe_.mona.rev,ERROR,0.002032355999999999,0.5209276676177979,"token too large, exceeds YYLMAX
"
hpc-mona/po-mso-0_countersDouble_pb_11_pe_.mona.rev.neg,ERROR,0.001915067999999999,0.520143985748291,"token too large, exceeds YYLMAX
"
hpc-mona/po-mso-1-2_countersDouble_pb_11_pe_.mona,ERROR,0.001966708000000001,0.5204191207885742,"token too large, exceeds YYLMAX
"
hpc-mona/po-mso-1-2_countersDouble_pb_11_pe_.mona.quant,ERROR,0.002118235999999999,0.5201764106750488,"token too large, exceeds YYLMAX
"
hpc-mona/po-mso-1-2_countersDouble_pb_11_pe_.mona.rev,ERROR,0.0019374960000000004,0.519829511642456,"token too large, exceeds YYLMAX
"
hpc-mona/po-mso-1-2_countersDouble_pb_11_pe_.mona.rev.neg,ERROR,0.0018592350000000007,0.5197358131408691,"token too large, exceeds YYLMAX
"
hpc-mona/po-mso-all_countersDouble_pb_11_pe_.mona,ERROR,0.0020951389999999993,0.521775484085083,"token too large, exceeds YYLMAX
"
hpc-mona/po-mso-all_countersDouble_pb_11_pe_.mona.quant,ERROR,0.0020667470000000007,0.522963285446167,"token too large, exceeds YYLMAX
"
hpc-mona/po-mso-all_countersDouble_pb_11_pe_.mona.rev,ERROR,0.002130128999999998,0.5208821296691895,"token too large, exceeds YYLMAX
"
hpc-mona/po-mso-all_countersDouble_pb_11_pe_.mona.rev.neg,ERROR,0.002250321999999999,0.5207850933074951,"token too large, exceeds YYLMAX
"
hpc-mona/nim_pb_15_08_pe_.mona,ERROR,0.002102576999999998,0.32433080673217773,"token too large, exceeds YYLMAX
"
hpc-mona/nim_pb_15_08_pe_.mona.rev,ERROR,0.002065650000000002,0.3240795135498047,"token too large, exceeds YYLMAX
"
hpc-mona/nim_pb_15_08_pe_.mona.rev.neg,ERROR,0.0019575089999999996,0.3240501880645752,"token too large, exceeds YYLMAX
"
hpc-mona/po-mso-0_nim_pb_15_08_pe_.mona,ERROR,0.0019729679999999986,0.3252449035644531,"token too large, exceeds YYLMAX
"
hpc-mona/po-mso-0_nim_pb_15_08_pe_.mona.quant,ERROR,0.0021571049999999994,0.3250763416290283,"token too large, exceeds YYLMAX
"
hpc-mona/po-mso-0_nim_pb_15_08_pe_.mona.rev,ERROR,0.002227719999999999,0.32494497299194336,"token too large, exceeds YYLMAX
"
hpc-mona/po-mso-0_nim_pb_15_08_pe_.mona.rev.neg,ERROR,0.0022226940000000008,0.32340025901794434,"token too large, exceeds YYLMAX
"
hpc-mona/po-mso-1-2_nim_pb_15_08_pe_.mona,ERROR,0.0021249519999999994,0.33625268936157227,"token too large, exceeds YYLMAX
"
hpc-mona/po-mso-1-2_nim_pb_15_08_pe_.mona.quant,ERROR,0.002228907999999998,0.3231344223022461,"token too large, exceeds YYLMAX
"
hpc-mona/po-mso-1-2_nim_pb_15_08_pe_.mona.rev,ERROR,0.0020225100000000017,0.3243272304534912,"token too large, exceeds YYLMAX
"
hpc-mona/po-mso-1-2_nim_pb_15_08_pe_.mona.rev.neg,ERROR,0.0019817889999999977,0.3234574794769287,"token too large, exceeds YYLMAX
"
hpc-mona/po-mso-all_nim_pb_15_08_pe_.mona,ERROR,0.002118624999999999,0.3222332000732422,"token too large, exceeds YYLMAX
"
hpc-mona/po-mso-all_nim_pb_15_08_pe_.mona.quant,ERROR,0.0021342020000000017,0.2957639694213867,"token too large, exceeds YYLMAX
"
hpc-mona/po-mso-all_nim_pb_15_08_pe_.mona.rev,ERROR,0.0020514769999999995,0.260601282119751,"token too large, exceeds YYLMAX
"
hpc-mona/po-mso-all_nim_pb_15_08_pe_.mona.rev.neg,ERROR,0.0021427200000000007,0.25873231887817383,"token too large, exceeds YYLMAX
"
hpc-mona/nim_pb_05_09_pe_.mona,ERROR,0.0023195650000000004,0.32350683212280273,"token too large, exceeds YYLMAX
"
hpc-mona/nim_pb_05_09_pe_.mona.rev,ERROR,0.002039797,0.324770450592041,"token too large, exceeds YYLMAX
"
hpc-mona/nim_pb_05_09_pe_.mona.rev.neg,ERROR,0.002739751,0.3253645896911621,"token too large, exceeds YYLMAX
"
hpc-mona/po-mso-0_nim_pb_05_09_pe_.mona,ERROR,0.0026249999999999997,0.3254432678222656,"token too large, exceeds YYLMAX
"
hpc-mona/po-mso-0_nim_pb_05_09_pe_.mona.quant,ERROR,0.0025366959999999997,0.32591795921325684,"token too large, exceeds YYLMAX
"
hpc-mona/po-mso-0_nim_pb_05_09_pe_.mona.rev,ERROR,0.002641583,0.3256406784057617,"token too large, exceeds YYLMAX
"
hpc-mona/po-mso-0_nim_pb_05_09_pe_.mona.rev.neg,ERROR,0.0025668959999999995,0.3248007297515869,"token too large, exceeds YYLMAX
"
hpc-mona/po-mso-1-2_nim_pb_05_09_pe_.mona,ERROR,0.00273716,0.324984073638916,"token too large, exceeds YYLMAX
"
hpc-mona/po-mso-1-2_nim_pb_05_09_pe_.mona.quant,ERROR,0.002129222,0.3245210647583008,"token too large, exceeds YYLMAX
"
hpc-mona/po-mso-1-2_nim_pb_05_09_pe_.mona.rev,ERROR,0.0018956670000000002,0.3248574733734131,"token too large, exceeds YYLMAX
"
hpc-mona/po-mso-1-2_nim_pb_05_09_pe_.mona.rev.neg,ERROR,0.001869075999999999,0.32436609268188477,"token too large, exceeds YYLMAX
"
hpc-mona/po-mso-all_nim_pb_05_09_pe_.mona,ERROR,0.001932255,0.3216252326965332,"token too large, exceeds YYLMAX
"
hpc-mona/po-mso-all_nim_pb_05_09_pe_.mona.quant,ERROR,0.002118644000000001,0.3240699768066406,"token too large, exceeds YYLMAX
"
hpc-mona/po-mso-all_nim_pb_05_09_pe_.mona.rev,ERROR,0.0022348209999999997,0.3241922855377197,"token too large, exceeds YYLMAX
"
hpc-mona/po-mso-all_nim_pb_05_09_pe_.mona.rev.neg,ERROR,0.0019199869999999997,0.3338053226470947,"token too large, exceeds YYLMAX
"
hpc-mona/nim_pb_13_01_pe_.mona,ERROR,0.0021409590000000004,0.3239624500274658,"token too large, exceeds YYLMAX
"
hpc-mona/nim_pb_13_01_pe_.mona.rev,ERROR,0.001994310000000001,0.32352709770202637,"token too large, exceeds YYLMAX
"
hpc-mona/nim_pb_13_01_pe_.mona.rev.neg,ERROR,0.0019374500000000003,0.3236362934112549,"token too large, exceeds YYLMAX
"
hpc-mona/po-mso-0_nim_pb_13_01_pe_.mona,ERROR,0.0019575919999999993,0.32395052909851074,"token too large, exceeds YYLMAX
"
hpc-mona/po-mso-0_nim_pb_13_01_pe_.mona.quant,ERROR,0.002060961,0.3231217861175537,"token too large, exceeds YYLMAX
"
hpc-mona/po-mso-0_nim_pb_13_01_pe_.mona.rev,ERROR,0.002039415000000001,0.32297754287719727,"token too large, exceeds YYLMAX
"
hpc-mona/po-mso-0_nim_pb_13_01_pe_.mona.rev.neg,ERROR,0.002054703999999999,0.3228294849395752,"token too large, exceeds YYLMAX
"
hpc-mona/po-mso-1-2_nim_pb_13_01_pe_.mona,ERROR,0.0019068850000000005,0.33525800704956055,"token too large, exceeds YYLMAX
"
hpc-mona/po-mso-1-2_nim_pb_13_01_pe_.mona.quant,ERROR,0.0018222700000000008,0.3227229118347168,"token too large, exceeds YYLMAX
"
hpc-mona/po-mso-1-2_nim_pb_13_01_pe_.mona.rev,ERROR,0.002003330999999999,0.32440829277038574,"token too large, exceeds YYLMAX
"
hpc-mona/po-mso-1-2_nim_pb_13_01_pe_.mona.rev.neg,ERROR,0.0021268699999999995,0.3226194381713867,"token too large, exceeds YYLMAX
"
hpc-mona/po-mso-all_nim_pb_13_01_pe_.mona,ERROR,0.0019013860000000014,0.3232309818267822,"token too large, exceeds YYLMAX
"
hpc-mona/po-mso-all_nim_pb_13_01_pe_.mona.quant,ERROR,0.0018674529999999998,0.32340502738952637,"token too large, exceeds YYLMAX
"
hpc-mona/po-mso-all_nim_pb_13_01_pe_.mona.rev,ERROR,0.0021718450000000004,0.324338436126709,"token too large, exceeds YYLMAX
"
hpc-mona/po-mso-all_nim_pb_13_01_pe_.mona.rev.neg,ERROR,0.0019754809999999994,0.3237485885620117,"token too large, exceeds YYLMAX
"
hpc-mona/nim_pb_03_20_pe_.mona,ERROR,0.0017901030000000012,0.3334803581237793,"token too large, exceeds YYLMAX
"
hpc-mona/nim_pb_03_20_pe_.mona.rev,ERROR,0.001723957,0.32242655754089355,"token too large, exceeds YYLMAX
"
hpc-mona/nim_pb_03_20_pe_.mona.rev.neg,ERROR,0.0019471539999999996,0.32343482971191406,"token too large, exceeds YYLMAX
"
hpc-mona/po-mso-0_nim_pb_03_20_pe_.mona,ERROR,0.0019806899999999985,0.32116150856018066,"token too large, exceeds YYLMAX
"
hpc-mona/po-mso-0_nim_pb_03_20_pe_.mona.quant,ERROR,0.0020508290000000005,0.32431507110595703,"token too large, exceeds YYLMAX
"
hpc-mona/po-mso-0_nim_pb_03_20_pe_.mona.rev,ERROR,0.001995615000000001,0.324141263961792,"token too large, exceeds YYLMAX
"
hpc-mona/po-mso-0_nim_pb_03_20_pe_.mona.rev.neg,ERROR,0.0020192529999999986,0.32412219047546387,"token too large, exceeds YYLMAX
"
hpc-mona/po-mso-1-2_nim_pb_03_20_pe_.mona,ERROR,0.0019831510000000007,0.3242950439453125,"token too large, exceeds YYLMAX
"
hpc-mona/po-mso-1-2_nim_pb_03_20_pe_.mona.quant,ERROR,0.0017306229999999988,0.3223421573638916,"token too large, exceeds YYLMAX
"
hpc-mona/po-mso-1-2_nim_pb_03_20_pe_.mona.rev,ERROR,0.0017760889999999998,0.3223700523376465,"token too large, exceeds YYLMAX
"
hpc-mona/po-mso-1-2_nim_pb_03_20_pe_.mona.rev.neg,ERROR,0.001944717999999998,0.3237600326538086,"token too large, exceeds YYLMAX
"
hpc-mona/po-mso-all_nim_pb_03_20_pe_.mona,ERROR,0.00184987,0.3247361183166504,"token too large, exceeds YYLMAX
"
hpc-mona/po-mso-all_nim_pb_03_20_pe_.mona.quant,ERROR,0.0019325370000000015,0.32350611686706543,"token too large, exceeds YYLMAX
"
hpc-mona/po-mso-all_nim_pb_03_20_pe_.mona.rev,ERROR,0.0018366289999999993,0.3238222599029541,"token too large, exceeds YYLMAX
"
hpc-mona/po-mso-all_nim_pb_03_20_pe_.mona.rev.neg,ERROR,0.0020437059999999993,0.3362278938293457,"token too large, exceeds YYLMAX
"
hpc-mona/nim_pb_06_14_pe_.mona,ERROR,0.001854065999999998,0.3243672847747803,"token too large, exceeds YYLMAX
"
hpc-mona/nim_pb_06_14_pe_.mona.rev,ERROR,0.001803838000000002,0.32132887840270996,"token too large, exceeds YYLMAX
"
hpc-mona/nim_pb_06_14_pe_.mona.rev.neg,ERROR,0.0018375690000000007,0.3218555450439453,"token too large, exceeds YYLMAX
"
hpc-mona/po-mso-0_nim_pb_06_14_pe_.mona,ERROR,0.0019822650000000004,0.3240814208984375,"token too large, exceeds YYLMAX
"
hpc-mona/po-mso-0_nim_pb_06_14_pe_.mona.quant,ERROR,0.0020543969999999995,0.3228766918182373,"token too large, exceeds YYLMAX
"
hpc-mona/po-mso-0_nim_pb_06_14_pe_.mona.rev,ERROR,0.002064949,0.32345151901245117,"token too large, exceeds YYLMAX
"
hpc-mona/po-mso-0_nim_pb_06_14_pe_.mona.rev.neg,ERROR,0.0017683669999999999,0.32251906394958496,"token too large, exceeds YYLMAX
"
hpc-mona/po-mso-1-2_nim_pb_06_14_pe_.mona,ERROR,0.00206514,0.3241546154022217,"token too large, exceeds YYLMAX
"
hpc-mona/po-mso-1-2_nim_pb_06_14_pe_.mona.quant,ERROR,0.0017668500000000004,0.33823680877685547,"token too large, exceeds YYLMAX
"
hpc-mona/po-mso-1-2_nim_pb_06_14_pe_.mona.rev,ERROR,0.0019194800000000012,0.3238825798034668,"token too large, exceeds YYLMAX
"
hpc-mona/po-mso-1-2_nim_pb_06_14_pe_.mona.rev.neg,ERROR,0.0020014249999999977,0.3231801986694336,"token too large, exceeds YYLMAX
"
hpc-mona/po-mso-all_nim_pb_06_14_pe_.mona,ERROR,0.002009069000000002,0.324566125869751,"token too large, exceeds YYLMAX
"
hpc-mona/po-mso-all_nim_pb_06_14_pe_.mona.quant,ERROR,0.002136596000000001,0.32456111907958984,"token too large, exceeds YYLMAX
"
hpc-mona/po-mso-all_nim_pb_06_14_pe_.mona.rev,ERROR,0.0019015389999999972,0.3238844871520996,"token too large, exceeds YYLMAX
"
hpc-mona/po-mso-all_nim_pb_06_14_pe_.mona.rev.neg,ERROR,0.0018228830000000008,0.3205704689025879,"token too large, exceeds YYLMAX
"
hpc-mona/nim_pb_03_07_pe_.mona,ERROR,0.0018848649999999995,0.3229706287384033,"token too large, exceeds YYLMAX
"
hpc-mona/nim_pb_03_07_pe_.mona.rev,ERROR,0.0018149689999999996,0.32227158546447754,"token too large, exceeds YYLMAX
"
hpc-mona/nim_pb_03_07_pe_.mona.rev.neg,ERROR,0.0020097740000000024,0.32273221015930176,"token too large, exceeds YYLMAX
"
hpc-mona/po-mso-0_nim_pb_03_07_pe_.mona,ERROR,0.0017752579999999983,0.3225123882293701,"token too large, exceeds YYLMAX
"
hpc-mona/po-mso-0_nim_pb_03_07_pe_.mona.quant,ERROR,0.0019993940000000016,0.3247337341308594,"token too large, exceeds YYLMAX
"
hpc-mona/po-mso-0_nim_pb_03_07_pe_.mona.rev,ERROR,0.0019724929999999988,0.3212852478027344,"token too large, exceeds YYLMAX
"
hpc-mona/po-mso-0_nim_pb_03_07_pe_.mona.rev.neg,ERROR,0.001956283000000003,0.32151222229003906,"token too large, exceeds YYLMAX
"
hpc-mona/po-mso-1-2_nim_pb_03_07_pe_.mona,ERROR,0.0021873030000000016,0.34720277786254883,"token too large, exceeds YYLMAX
"
hpc-mona/po-mso-1-2_nim_pb_03_07_pe_.mona.quant,ERROR,0.0018247860000000019,0.3225395679473877,"token too large, exceeds YYLMAX
"
hpc-mona/po-mso-1-2_nim_pb_03_07_pe_.mona.rev,ERROR,0.0017569830000000002,0.3225290775299072,"token too large, exceeds YYLMAX
"
hpc-mona/po-mso-1-2_nim_pb_03_07_pe_.mona.rev.neg,ERROR,0.001806828,0.3222837448120117,"token too large, exceeds YYLMAX
"
hpc-mona/po-mso-all_nim_pb_03_07_pe_.mona,ERROR,0.0017549539999999995,0.32162928581237793,"token too large, exceeds YYLMAX
"
hpc-mona/po-mso-all_nim_pb_03_07_pe_.mona.quant,ERROR,0.002020262000000002,0.2616567611694336,"token too large, exceeds YYLMAX
"
hpc-mona/po-mso-all_nim_pb_03_07_pe_.mona.rev,ERROR,0.0019918939999999975,0.25947141647338867,"token too large, exceeds YYLMAX
"
hpc-mona/po-mso-all_nim_pb_03_07_pe_.mona.rev.neg,ERROR,0.0018798200000000008,0.26234006881713867,"token too large, exceeds YYLMAX
"
hpc-mona/nim_pb_04_17_pe_.mona,ERROR,0.0021855859999999998,0.3273305892944336,"token too large, exceeds YYLMAX
"
hpc-mona/nim_pb_04_17_pe_.mona.rev,ERROR,0.002106732,0.3239479064941406,"token too large, exceeds YYLMAX
"
hpc-mona/nim_pb_04_17_pe_.mona.rev.neg,ERROR,0.002418062,0.35508060455322266,"token too large, exceeds YYLMAX
"
hpc-mona/po-mso-0_nim_pb_04_17_pe_.mona,ERROR,0.002517908,0.3232898712158203,"token too large, exceeds YYLMAX
"
hpc-mona/po-mso-0_nim_pb_04_17_pe_.mona.quant,ERROR,0.0025160029999999997,0.3232245445251465,"token too large, exceeds YYLMAX
"
hpc-mona/po-mso-0_nim_pb_04_17_pe_.mona.rev,ERROR,0.002350422,0.32358622550964355,"token too large, exceeds YYLMAX
"
hpc-mona/po-mso-0_nim_pb_04_17_pe_.mona.rev.neg,ERROR,0.0023412,0.32331323623657227,"token too large, exceeds YYLMAX
"
hpc-mona/po-mso-1-2_nim_pb_04_17_pe_.mona,ERROR,0.002365619,0.3162045478820801,"token too large, exceeds YYLMAX
"
hpc-mona/po-mso-1-2_nim_pb_04_17_pe_.mona.quant,ERROR,0.0016231589999999999,0.3231821060180664,"token too large, exceeds YYLMAX
"
hpc-mona/po-mso-1-2_nim_pb_04_17_pe_.mona.rev,ERROR,0.0016635849999999995,0.32224059104919434,"token too large, exceeds YYLMAX
"
hpc-mona/po-mso-1-2_nim_pb_04_17_pe_.mona.rev.neg,ERROR,0.001849443,0.32323360443115234,"token too large, exceeds YYLMAX
"
hpc-mona/po-mso-all_nim_pb_04_17_pe_.mona,ERROR,0.0017972890000000005,0.32314300537109375,"token too large, exceeds YYLMAX
"
hpc-mona/po-mso-all_nim_pb_04_17_pe_.mona.quant,ERROR,0.0016885909999999997,0.3232405185699463,"token too large, exceeds YYLMAX
"
hpc-mona/po-mso-all_nim_pb_04_17_pe_.mona.rev,ERROR,0.0020582909999999994,0.32328248023986816,"token too large, exceeds YYLMAX
"
hpc-mona/po-mso-all_nim_pb_04_17_pe_.mona.rev.neg,ERROR,0.001975323,0.32250547409057617,"token too large, exceeds YYLMAX
"
hpc-mona/nim_pb_02_13_pe_.mona,ERROR,0.0015543830000000003,0.32253456115722656,"token too large, exceeds YYLMAX
"
hpc-mona/nim_pb_02_13_pe_.mona.rev,ERROR,0.0015375739999999999,0.3226640224456787,"token too large, exceeds YYLMAX
"
hpc-mona/nim_pb_02_13_pe_.mona.rev.neg,ERROR,0.0016484649999999991,0.32273197174072266,"token too large, exceeds YYLMAX
"
hpc-mona/po-mso-0_nim_pb_02_13_pe_.mona,ERROR,0.0017321509999999995,0.32351183891296387,"token too large, exceeds YYLMAX
"
hpc-mona/po-mso-0_nim_pb_02_13_pe_.mona.quant,ERROR,0.001627293000000001,0.32385897636413574,"token too large, exceeds YYLMAX
"
hpc-mona/po-mso-0_nim_pb_02_13_pe_.mona.rev,ERROR,0.0017245559999999986,0.32282280921936035,"token too large, exceeds YYLMAX
"
hpc-mona/po-mso-0_nim_pb_02_13_pe_.mona.rev.neg,ERROR,0.0017204319999999992,0.32304978370666504,"token too large, exceeds YYLMAX
"
hpc-mona/po-mso-1-2_nim_pb_02_13_pe_.mona,ERROR,0.0016615910000000005,0.3228323459625244,"token too large, exceeds YYLMAX
"
hpc-mona/po-mso-1-2_nim_pb_02_13_pe_.mona.quant,ERROR,0.001505142000000001,0.3220837116241455,"token too large, exceeds YYLMAX
"
hpc-mona/po-mso-1-2_nim_pb_02_13_pe_.mona.rev,ERROR,0.0015049929999999996,0.32216691970825195,"token too large, exceeds YYLMAX
"
hpc-mona/po-mso-1-2_nim_pb_02_13_pe_.mona.rev.neg,ERROR,0.0016061730000000007,0.32251811027526855,"token too large, exceeds YYLMAX
"
hpc-mona/po-mso-all_nim_pb_02_13_pe_.mona,ERROR,0.0015265929999999997,0.32298922538757324,"token too large, exceeds YYLMAX
"
hpc-mona/po-mso-all_nim_pb_02_13_pe_.mona.quant,ERROR,0.001956714,0.32548046112060547,"token too large, exceeds YYLMAX
"
hpc-mona/po-mso-all_nim_pb_02_13_pe_.mona.rev,ERROR,0.0016483509999999993,0.3224635124206543,"token too large, exceeds YYLMAX
"
hpc-mona/po-mso-all_nim_pb_02_13_pe_.mona.rev.neg,ERROR,0.0016404149999999992,0.32226037979125977,"token too large, exceeds YYLMAX
"
hpc-mona/nim_pb_17_08_pe_.mona,ERROR,0.0016529629999999986,0.32347798347473145,"token too large, exceeds YYLMAX
"
hpc-mona/nim_pb_17_08_pe_.mona.rev,ERROR,0.0014950459999999999,0.32266807556152344,"token too large, exceeds YYLMAX
"
hpc-mona/nim_pb_17_08_pe_.mona.rev.neg,ERROR,0.0015194930000000002,0.32220911979675293,"token too large, exceeds YYLMAX
"
hpc-mona/po-mso-0_nim_pb_17_08_pe_.mona,ERROR,0.0015959059999999994,0.32256221771240234,"token too large, exceeds YYLMAX
"
hpc-mona/po-mso-0_nim_pb_17_08_pe_.mona.quant,ERROR,0.0016205420000000009,0.3230712413787842,"token too large, exceeds YYLMAX
"
hpc-mona/po-mso-0_nim_pb_17_08_pe_.mona.rev,ERROR,0.0015683199999999998,0.32241272926330566,"token too large, exceeds YYLMAX
"
hpc-mona/po-mso-0_nim_pb_17_08_pe_.mona.rev.neg,ERROR,0.0016870400000000008,0.32292819023132324,"token too large, exceeds YYLMAX
"
hpc-mona/po-mso-1-2_nim_pb_17_08_pe_.mona,ERROR,0.0016952519999999995,0.3230557441711426,"token too large, exceeds YYLMAX
"
hpc-mona/po-mso-1-2_nim_pb_17_08_pe_.mona.quant,ERROR,0.0016804160000000005,0.32341861724853516,"token too large, exceeds YYLMAX
"
hpc-mona/po-mso-1-2_nim_pb_17_08_pe_.mona.rev,ERROR,0.0014901030000000013,0.3225116729736328,"token too large, exceeds YYLMAX
"
hpc-mona/po-mso-1-2_nim_pb_17_08_pe_.mona.rev.neg,ERROR,0.001499294,0.32230257987976074,"token too large, exceeds YYLMAX
"
hpc-mona/po-mso-all_nim_pb_17_08_pe_.mona,ERROR,0.0015107060000000005,0.3225421905517578,"token too large, exceeds YYLMAX
"
hpc-mona/po-mso-all_nim_pb_17_08_pe_.mona.quant,ERROR,0.0016373780000000018,0.3221728801727295,"token too large, exceeds YYLMAX
"
hpc-mona/po-mso-all_nim_pb_17_08_pe_.mona.rev,ERROR,0.001758903000000001,0.3227720260620117,"token too large, exceeds YYLMAX
"
hpc-mona/po-mso-all_nim_pb_17_08_pe_.mona.rev.neg,ERROR,0.0017455499999999985,0.3229501247406006,"token too large, exceeds YYLMAX
"
hpc-mona/nim_pb_10_06_pe_.mona,ERROR,0.001698176000000001,0.32329392433166504,"token too large, exceeds YYLMAX
"
hpc-mona/nim_pb_10_06_pe_.mona.rev,ERROR,0.001671859999999999,0.3230454921722412,"token too large, exceeds YYLMAX
"
hpc-mona/nim_pb_10_06_pe_.mona.rev.neg,ERROR,0.0014842249999999987,0.322157621383667,"token too large, exceeds YYLMAX
"
hpc-mona/po-mso-0_nim_pb_10_06_pe_.mona,ERROR,0.0015282359999999988,0.32231783866882324,"token too large, exceeds YYLMAX
"
hpc-mona/po-mso-0_nim_pb_10_06_pe_.mona.quant,ERROR,0.0015062620000000013,0.32248616218566895,"token too large, exceeds YYLMAX
"
hpc-mona/po-mso-0_nim_pb_10_06_pe_.mona.rev,ERROR,0.001523181999999998,0.3223097324371338,"token too large, exceeds YYLMAX
"
hpc-mona/po-mso-0_nim_pb_10_06_pe_.mona.rev.neg,ERROR,0.001689887000000001,0.32314372062683105,"token too large, exceeds YYLMAX
"
hpc-mona/po-mso-1-2_nim_pb_10_06_pe_.mona,ERROR,0.0016910559999999998,0.3229098320007324,"token too large, exceeds YYLMAX
"
hpc-mona/po-mso-1-2_nim_pb_10_06_pe_.mona.quant,ERROR,0.0016654049999999983,0.32301831245422363,"token too large, exceeds YYLMAX
"
hpc-mona/po-mso-1-2_nim_pb_10_06_pe_.mona.rev,ERROR,0.0017617880000000002,0.32244133949279785,"token too large, exceeds YYLMAX
"
hpc-mona/po-mso-1-2_nim_pb_10_06_pe_.mona.rev.neg,ERROR,0.001474421,0.32208704948425293,"token too large, exceeds YYLMAX
"
hpc-mona/po-mso-all_nim_pb_10_06_pe_.mona,ERROR,0.0015128439999999993,0.3226790428161621,"token too large, exceeds YYLMAX
"
hpc-mona/po-mso-all_nim_pb_10_06_pe_.mona.quant,ERROR,0.0015374849999999982,0.3232271671295166,"token too large, exceeds YYLMAX
"
hpc-mona/po-mso-all_nim_pb_10_06_pe_.mona.rev,ERROR,0.0015698759999999978,0.3228015899658203,"token too large, exceeds YYLMAX
"
hpc-mona/po-mso-all_nim_pb_10_06_pe_.mona.rev.neg,ERROR,0.001690536000000003,0.3243837356567383,"token too large, exceeds YYLMAX
"
hpc-mona/chomp_pb_4_6_pe_.mona,ERROR,0.0016619179999999983,0.5029845237731934,"token too large, exceeds YYLMAX
"
hpc-mona/chomp_pb_4_6_pe_.mona.rev,ERROR,0.0015582740000000019,0.5031833648681641,"token too large, exceeds YYLMAX
"
hpc-mona/chomp_pb_4_6_pe_.mona.rev.neg,ERROR,0.0018484439999999977,0.5037426948547363,"token too large, exceeds YYLMAX
"
hpc-mona/po-mso-0_chomp_pb_4_6_pe_.mona,ERROR,0.0015042169999999987,0.5028584003448486,"token too large, exceeds YYLMAX
"
hpc-mona/po-mso-0_chomp_pb_4_6_pe_.mona.quant,ERROR,0.0015540969999999973,0.5029709339141846,"token too large, exceeds YYLMAX
"
hpc-mona/po-mso-0_chomp_pb_4_6_pe_.mona.rev,ERROR,0.001589601999999999,0.502979040145874,"token too large, exceeds YYLMAX
"
hpc-mona/po-mso-0_chomp_pb_4_6_pe_.mona.rev.neg,ERROR,0.0015779339999999996,0.5032551288604736,"token too large, exceeds YYLMAX
"
hpc-mona/po-mso-1-2_chomp_pb_4_6_pe_.mona,ERROR,0.001468225,0.5049662590026855,"token too large, exceeds YYLMAX
"
hpc-mona/po-mso-1-2_chomp_pb_4_6_pe_.mona.quant,ERROR,0.0015336079999999988,0.46722865104675293,"token too large, exceeds YYLMAX
"
hpc-mona/po-mso-1-2_chomp_pb_4_6_pe_.mona.rev,ERROR,0.0016906699999999983,0.5035734176635742,"token too large, exceeds YYLMAX
"
hpc-mona/po-mso-1-2_chomp_pb_4_6_pe_.mona.rev.neg,ERROR,0.0017648819999999989,0.5029804706573486,"token too large, exceeds YYLMAX
"
hpc-mona/po-mso-all_chomp_pb_4_6_pe_.mona,ERROR,0.0014814499999999987,0.5032203197479248,"token too large, exceeds YYLMAX
"
hpc-mona/po-mso-all_chomp_pb_4_6_pe_.mona.quant,ERROR,0.0015012749999999998,0.4577465057373047,"token too large, exceeds YYLMAX
"
hpc-mona/po-mso-all_chomp_pb_4_6_pe_.mona.rev,ERROR,0.0016206169999999978,0.4435555934906006,"token too large, exceeds YYLMAX
"
hpc-mona/po-mso-all_chomp_pb_4_6_pe_.mona.rev.neg,ERROR,0.0014944390000000002,0.457094669342041,"token too large, exceeds YYLMAX
"
hpc-mona/chomp_pb_2_5_pe_.mona,SUCCESS,0.0024397040000000004,7.318511962890625,
hpc-mona/chomp_pb_2_5_pe_.mona.rev,ERROR,0.0021874999999999998,7.8102803230285645,
hpc-mona/chomp_pb_2_5_pe_.mona.rev.neg,ERROR,0.0026315410000000003,7.640504598617554,
hpc-mona/po-mso-0_chomp_pb_2_5_pe_.mona,SUCCESS,0.002660658,7.250821590423584,
hpc-mona/po-mso-0_chomp_pb_2_5_pe_.mona.quant,SUCCESS,0.002720946,7.320486068725586,
hpc-mona/po-mso-0_chomp_pb_2_5_pe_.mona.rev,ERROR,0.0027923160000000004,7.788255453109741,
hpc-mona/po-mso-0_chomp_pb_2_5_pe_.mona.rev.neg,ERROR,0.0027475340000000003,7.512817144393921,
hpc-mona/po-mso-1-2_chomp_pb_2_5_pe_.mona,SUCCESS,0.002708225,7.31472635269165,
hpc-mona/po-mso-1-2_chomp_pb_2_5_pe_.mona.quant,SUCCESS,0.0022598459999999994,16.643378257751465,
hpc-mona/po-mso-1-2_chomp_pb_2_5_pe_.mona.rev,ERROR,0.002239711000000001,7.331802129745483,
hpc-mona/po-mso-1-2_chomp_pb_2_5_pe_.mona.rev.neg,ERROR,0.002355626999999999,7.319087982177734,
hpc-mona/po-mso-all_chomp_pb_2_5_pe_.mona,SUCCESS,0.0020033199999999994,7.002373218536377,
hpc-mona/po-mso-all_chomp_pb_2_5_pe_.mona.quant,SUCCESS,0.0024464070000000003,4.564432621002197,
hpc-mona/po-mso-all_chomp_pb_2_5_pe_.mona.rev,ERROR,0.0019925950000000007,7.287219285964966,
hpc-mona/po-mso-all_chomp_pb_2_5_pe_.mona.rev.neg,ERROR,0.002019725,7.141732215881348,
hpc-mona/chomp_pb_4_5_pe_.mona,ERROR,0.0021440450000000007,0.41465115547180176,"token too large, exceeds YYLMAX
"
hpc-mona/chomp_pb_4_5_pe_.mona.rev,ERROR,0.002139722,0.3791995048522949,"token too large, exceeds YYLMAX
"
hpc-mona/chomp_pb_4_5_pe_.mona.rev.neg,ERROR,0.002337321,0.37973618507385254,"token too large, exceeds YYLMAX
"
hpc-mona/po-mso-0_chomp_pb_4_5_pe_.mona,ERROR,0.0022682050000000006,0.37821531295776367,"token too large, exceeds YYLMAX
"
hpc-mona/po-mso-0_chomp_pb_4_5_pe_.mona.quant,ERROR,0.0022457139999999993,0.3792288303375244,"token too large, exceeds YYLMAX
"
hpc-mona/po-mso-0_chomp_pb_4_5_pe_.mona.rev,ERROR,0.002232198000000001,0.3770735263824463,"token too large, exceeds YYLMAX
"
hpc-mona/po-mso-0_chomp_pb_4_5_pe_.mona.rev.neg,ERROR,0.002230250999999999,0.37737369537353516,"token too large, exceeds YYLMAX
"
hpc-mona/po-mso-1-2_chomp_pb_4_5_pe_.mona,ERROR,0.0023857399999999973,0.3808784484863281,"token too large, exceeds YYLMAX
"
hpc-mona/po-mso-1-2_chomp_pb_4_5_pe_.mona.quant,ERROR,0.0024792030000000027,0.3797638416290283,"token too large, exceeds YYLMAX
"
hpc-mona/po-mso-1-2_chomp_pb_4_5_pe_.mona.rev,ERROR,0.0028858910000000015,0.3794698715209961,"token too large, exceeds YYLMAX
"
hpc-mona/po-mso-1-2_chomp_pb_4_5_pe_.mona.rev.neg,ERROR,0.0022411800000000023,0.3823690414428711,"token too large, exceeds YYLMAX
"
hpc-mona/po-mso-all_chomp_pb_4_5_pe_.mona,ERROR,0.002309596000000004,0.375093936920166,"token too large, exceeds YYLMAX
"
hpc-mona/po-mso-all_chomp_pb_4_5_pe_.mona.quant,ERROR,0.0021213029999999997,0.37641096115112305,"token too large, exceeds YYLMAX
"
hpc-mona/po-mso-all_chomp_pb_4_5_pe_.mona.rev,ERROR,0.002227380000000001,0.37719202041625977,"token too large, exceeds YYLMAX
"
hpc-mona/po-mso-all_chomp_pb_4_5_pe_.mona.rev.neg,ERROR,0.0021799420000000007,0.37529897689819336,"token too large, exceeds YYLMAX
"
hpc-mona/chomp_pb_4_4_pe_.mona,ERROR,0.002229542000000001,10.099992752075195,
hpc-mona/chomp_pb_4_4_pe_.mona.rev,ERROR,0.0021907209999999996,5.722692966461182,
hpc-mona/chomp_pb_4_4_pe_.mona.rev.neg,ERROR,0.002162971999999999,5.782738924026489,
hpc-mona/po-mso-0_chomp_pb_4_4_pe_.mona,ERROR,0.0030414640000000007,10.244043350219727,
hpc-mona/po-mso-0_chomp_pb_4_4_pe_.mona.quant,ERROR,0.002219259999999999,10.246511697769165,
hpc-mona/po-mso-0_chomp_pb_4_4_pe_.mona.rev,ERROR,0.002187563,5.74497389793396,
hpc-mona/po-mso-0_chomp_pb_4_4_pe_.mona.rev.neg,ERROR,0.0021080069999999985,5.916427373886108,
hpc-mona/po-mso-1-2_chomp_pb_4_4_pe_.mona,ERROR,0.002103887999999998,10.502766847610474,
hpc-mona/po-mso-1-2_chomp_pb_4_4_pe_.mona.quant,ERROR,0.00210838,5.133562088012695,
hpc-mona/po-mso-1-2_chomp_pb_4_4_pe_.mona.rev,ERROR,0.002131527999999999,5.891974210739136,
hpc-mona/po-mso-1-2_chomp_pb_4_4_pe_.mona.rev.neg,ERROR,0.002284214999999999,5.833310127258301,
hpc-mona/po-mso-all_chomp_pb_4_4_pe_.mona,ERROR,0.0022007910000000006,10.905550718307495,
hpc-mona/po-mso-all_chomp_pb_4_4_pe_.mona.quant,ERROR,0.0021348860000000008,26.341079235076904,
hpc-mona/po-mso-all_chomp_pb_4_4_pe_.mona.rev,ERROR,0.0021895260000000007,6.00176477432251,
hpc-mona/po-mso-all_chomp_pb_4_4_pe_.mona.rev.neg,ERROR,0.0022857669999999993,5.944807291030884,
hpc-mona/chomp_pb_2_7_pe_.mona,ERROR,0.00239928,8.029299020767212,
hpc-mona/chomp_pb_2_7_pe_.mona.rev,ERROR,0.002313957,7.149842977523804,
hpc-mona/chomp_pb_2_7_pe_.mona.rev.neg,ERROR,0.0029289880000000004,7.098440170288086,
hpc-mona/po-mso-0_chomp_pb_2_7_pe_.mona,ERROR,0.0023420079999999996,8.237051963806152,
hpc-mona/po-mso-0_chomp_pb_2_7_pe_.mona.quant,ERROR,0.0030374960000000006,8.318290948867798,
hpc-mona/po-mso-0_chomp_pb_2_7_pe_.mona.rev,ERROR,0.0021797010000000026,6.63529896736145,
hpc-mona/po-mso-0_chomp_pb_2_7_pe_.mona.rev.neg,ERROR,0.0021230560000000016,6.746568202972412,
hpc-mona/po-mso-1-2_chomp_pb_2_7_pe_.mona,ERROR,0.0028387210000000024,8.34014344215393,
hpc-mona/po-mso-1-2_chomp_pb_2_7_pe_.mona.quant,ERROR,0.002162158000000001,14.446483612060547,
hpc-mona/po-mso-1-2_chomp_pb_2_7_pe_.mona.rev,ERROR,0.0021619280000000005,6.788211822509766,
hpc-mona/po-mso-1-2_chomp_pb_2_7_pe_.mona.rev.neg,ERROR,0.003122976999999999,6.680962800979614,
hpc-mona/po-mso-all_chomp_pb_2_7_pe_.mona,ERROR,0.0023315029999999987,8.12954330444336,
hpc-mona/po-mso-all_chomp_pb_2_7_pe_.mona.quant,ERROR,0.0021523830000000008,25.35892629623413,
hpc-mona/po-mso-all_chomp_pb_2_7_pe_.mona.rev,ERROR,0.002154162999999997,6.433976888656616,
hpc-mona/po-mso-all_chomp_pb_2_7_pe_.mona.rev.neg,ERROR,0.002240482000000002,6.331252813339233,
hpc-mona/chomp_pb_3_8_pe_.mona,ERROR,0.0022319049999999993,0.4247410297393799,"token too large, exceeds YYLMAX
"
hpc-mona/chomp_pb_3_8_pe_.mona.rev,ERROR,0.0021863139999999982,0.42720651626586914,"token too large, exceeds YYLMAX
"
hpc-mona/chomp_pb_3_8_pe_.mona.rev.neg,ERROR,0.002130785999999999,0.43346309661865234,"token too large, exceeds YYLMAX
"
hpc-mona/po-mso-0_chomp_pb_3_8_pe_.mona,ERROR,0.0023110440000000017,0.42451024055480957,"token too large, exceeds YYLMAX
"
hpc-mona/po-mso-0_chomp_pb_3_8_pe_.mona.quant,ERROR,0.0021423720000000035,0.42700839042663574,"token too large, exceeds YYLMAX
"
hpc-mona/po-mso-0_chomp_pb_3_8_pe_.mona.rev,ERROR,0.0021458349999999987,0.4320392608642578,"token too large, exceeds YYLMAX
"
hpc-mona/po-mso-0_chomp_pb_3_8_pe_.mona.rev.neg,ERROR,0.002180792000000001,0.43440842628479004,"token too large, exceeds YYLMAX
"
hpc-mona/po-mso-1-2_chomp_pb_3_8_pe_.mona,ERROR,0.002198095000000004,0.4301173686981201,"token too large, exceeds YYLMAX
"
hpc-mona/po-mso-1-2_chomp_pb_3_8_pe_.mona.quant,ERROR,0.0020958369999999962,0.4246218204498291,"token too large, exceeds YYLMAX
"
hpc-mona/po-mso-1-2_chomp_pb_3_8_pe_.mona.rev,ERROR,0.002384936000000004,0.42821741104125977,"token too large, exceeds YYLMAX
"
hpc-mona/po-mso-1-2_chomp_pb_3_8_pe_.mona.rev.neg,ERROR,0.002158605000000001,0.42574429512023926,"token too large, exceeds YYLMAX
"
hpc-mona/po-mso-all_chomp_pb_3_8_pe_.mona,ERROR,0.002167802999999996,0.42746996879577637,"token too large, exceeds YYLMAX
"
hpc-mona/po-mso-all_chomp_pb_3_8_pe_.mona.quant,ERROR,0.002339677999999998,0.43311023712158203,"token too large, exceeds YYLMAX
"
hpc-mona/po-mso-all_chomp_pb_3_8_pe_.mona.rev,ERROR,0.0021612950000000006,0.4248237609863281,"token too large, exceeds YYLMAX
"
hpc-mona/po-mso-all_chomp_pb_3_8_pe_.mona.rev.neg,ERROR,0.0021469110000000013,0.42689061164855957,"token too large, exceeds YYLMAX
"
hpc-mona/chomp_pb_2_2_pe_.mona,SUCCESS,0.002424767,0.07204961776733398,
hpc-mona/chomp_pb_2_2_pe_.mona.rev,SUCCESS,0.002392151,0.06477022171020508,
hpc-mona/chomp_pb_2_2_pe_.mona.rev.neg,SUCCESS,0.0023239009999999997,0.06505274772644043,
hpc-mona/po-mso-0_chomp_pb_2_2_pe_.mona,SUCCESS,0.0023763709999999995,0.07224392890930176,
hpc-mona/po-mso-0_chomp_pb_2_2_pe_.mona.quant,SUCCESS,0.0023692640000000003,0.07313084602355957,
hpc-mona/po-mso-0_chomp_pb_2_2_pe_.mona.rev,SUCCESS,0.0025606630000000003,0.06750273704528809,
hpc-mona/po-mso-0_chomp_pb_2_2_pe_.mona.rev.neg,SUCCESS,0.0025311569999999996,0.06903457641601562,
hpc-mona/po-mso-1-2_chomp_pb_2_2_pe_.mona,SUCCESS,0.002511091,0.07355546951293945,
hpc-mona/po-mso-1-2_chomp_pb_2_2_pe_.mona.quant,SUCCESS,0.0020700729999999995,0.07452130317687988,
hpc-mona/po-mso-1-2_chomp_pb_2_2_pe_.mona.rev,SUCCESS,0.002063054,0.06474566459655762,
hpc-mona/po-mso-1-2_chomp_pb_2_2_pe_.mona.rev.neg,SUCCESS,0.001856941,0.06692647933959961,
hpc-mona/po-mso-all_chomp_pb_2_2_pe_.mona,SUCCESS,0.001897727,0.0767667293548584,
hpc-mona/po-mso-all_chomp_pb_2_2_pe_.mona.quant,SUCCESS,0.0018623450000000005,0.07194995880126953,
hpc-mona/po-mso-all_chomp_pb_2_2_pe_.mona.rev,SUCCESS,0.0019659279999999996,0.06502342224121094,
hpc-mona/po-mso-all_chomp_pb_2_2_pe_.mona.rev.neg,SUCCESS,0.0018513380000000001,0.06456398963928223,
hpc-mona/chomp_pb_4_3_pe_.mona,ERROR,0.0018890679999999998,19.64073872566223,
hpc-mona/chomp_pb_4_3_pe_.mona.rev,ERROR,0.002075904,6.241256952285767,
hpc-mona/chomp_pb_4_3_pe_.mona.rev.neg,ERROR,0.001927986999999999,6.176299333572388,
hpc-mona/po-mso-0_chomp_pb_4_3_pe_.mona,ERROR,0.0018894229999999995,24.294256687164307,
hpc-mona/po-mso-0_chomp_pb_4_3_pe_.mona.quant,ERROR,0.002056845,18.774449586868286,
hpc-mona/po-mso-0_chomp_pb_4_3_pe_.mona.rev,ERROR,0.0020156519999999997,6.163105487823486,
hpc-mona/po-mso-0_chomp_pb_4_3_pe_.mona.rev.neg,ERROR,0.001785674000000001,6.207815647125244,
hpc-mona/po-mso-1-2_chomp_pb_4_3_pe_.mona,ERROR,0.0017991780000000002,21.022932767868042,
hpc-mona/po-mso-1-2_chomp_pb_4_3_pe_.mona.quant,ERROR,0.0020778050000000003,25.140386819839478,
hpc-mona/po-mso-1-2_chomp_pb_4_3_pe_.mona.rev,ERROR,0.0021090090000000002,6.16431999206543,
hpc-mona/po-mso-1-2_chomp_pb_4_3_pe_.mona.rev.neg,ERROR,0.0021195499999999996,6.1304450035095215,
hpc-mona/po-mso-all_chomp_pb_4_3_pe_.mona,ERROR,0.002248979,21.461010694503784,
hpc-mona/po-mso-all_chomp_pb_4_3_pe_.mona.quant,ERROR,0.0021663989999999994,27.496235370635986,
hpc-mona/po-mso-all_chomp_pb_4_3_pe_.mona.rev,ERROR,0.0021239680000000004,6.227670192718506,
hpc-mona/po-mso-all_chomp_pb_4_3_pe_.mona.rev.neg,ERROR,0.002379790000000003,6.211289167404175,
hpc-mona/chomp_pb_3_3_pe_.mona,SUCCESS,0.002272247,2.062311887741089,
hpc-mona/chomp_pb_3_3_pe_.mona.rev,ERROR,0.002486508,9.607752799987793,
hpc-mona/chomp_pb_3_3_pe_.mona.rev.neg,ERROR,0.0023929070000000014,9.516595363616943,
hpc-mona/po-mso-0_chomp_pb_3_3_pe_.mona,SUCCESS,0.00213557,1.9627227783203125,
hpc-mona/po-mso-0_chomp_pb_3_3_pe_.mona.quant,SUCCESS,0.001991462000000001,1.9901347160339355,
hpc-mona/po-mso-0_chomp_pb_3_3_pe_.mona.rev,ERROR,0.002204816,9.823755264282227,
hpc-mona/po-mso-0_chomp_pb_3_3_pe_.mona.rev.neg,ERROR,0.002019831999999999,9.511455059051514,
hpc-mona/po-mso-1-2_chomp_pb_3_3_pe_.mona,SUCCESS,0.002093785000000001,1.9314525127410889,
hpc-mona/po-mso-1-2_chomp_pb_3_3_pe_.mona.quant,SUCCESS,0.0020401250000000003,2.257031202316284,
hpc-mona/po-mso-1-2_chomp_pb_3_3_pe_.mona.rev,ERROR,0.002808256999999998,9.298983573913574,
hpc-mona/po-mso-1-2_chomp_pb_3_3_pe_.mona.rev.neg,ERROR,0.002077108000000001,9.234070777893066,
hpc-mona/po-mso-all_chomp_pb_3_3_pe_.mona,SUCCESS,0.0021012770000000004,1.8860361576080322,
hpc-mona/po-mso-all_chomp_pb_3_3_pe_.mona.quant,SUCCESS,0.0020294070000000004,1.3690569400787354,
hpc-mona/po-mso-all_chomp_pb_3_3_pe_.mona.rev,ERROR,0.0023791899999999998,9.928133487701416,
hpc-mona/po-mso-all_chomp_pb_3_3_pe_.mona.rev.neg,ERROR,0.0020201549999999974,9.31859827041626,
hpc-mona/chomp_pb_4_7_pe_.mona,ERROR,0.0021243209999999985,0.46966981887817383,"token too large, exceeds YYLMAX
"
hpc-mona/chomp_pb_4_7_pe_.mona.rev,ERROR,0.002102077000000001,0.47144579887390137,"token too large, exceeds YYLMAX
"
hpc-mona/chomp_pb_4_7_pe_.mona.rev.neg,ERROR,0.0020819080000000004,0.46711158752441406,"token too large, exceeds YYLMAX
"
hpc-mona/po-mso-0_chomp_pb_4_7_pe_.mona,ERROR,0.0021665499999999997,0.4684112071990967,"token too large, exceeds YYLMAX
"
hpc-mona/po-mso-0_chomp_pb_4_7_pe_.mona.quant,ERROR,0.002329308000000002,0.4708101749420166,"token too large, exceeds YYLMAX
"
hpc-mona/po-mso-0_chomp_pb_4_7_pe_.mona.rev,ERROR,0.0028662600000000024,0.47628045082092285,"token too large, exceeds YYLMAX
"
hpc-mona/po-mso-0_chomp_pb_4_7_pe_.mona.rev.neg,ERROR,0.0022033209999999994,0.47324156761169434,"token too large, exceeds YYLMAX
"
hpc-mona/po-mso-1-2_chomp_pb_4_7_pe_.mona,ERROR,0.0020546060000000005,0.4661693572998047,"token too large, exceeds YYLMAX
"
hpc-mona/po-mso-1-2_chomp_pb_4_7_pe_.mona.quant,ERROR,0.0020770339999999984,0.4667341709136963,"token too large, exceeds YYLMAX
"
hpc-mona/po-mso-1-2_chomp_pb_4_7_pe_.mona.rev,ERROR,0.0026780199999999997,0.4731254577636719,"token too large, exceeds YYLMAX
"
hpc-mona/po-mso-1-2_chomp_pb_4_7_pe_.mona.rev.neg,ERROR,0.0020414089999999975,0.4678492546081543,"token too large, exceeds YYLMAX
"
hpc-mona/po-mso-all_chomp_pb_4_7_pe_.mona,ERROR,0.0021287160000000027,0.46642637252807617,"token too large, exceeds YYLMAX
"
hpc-mona/po-mso-all_chomp_pb_4_7_pe_.mona.quant,ERROR,0.0020346569999999987,0.4723193645477295,"token too large, exceeds YYLMAX
"
hpc-mona/po-mso-all_chomp_pb_4_7_pe_.mona.rev,ERROR,0.0021198719999999983,0.47803521156311035,"token too large, exceeds YYLMAX
"
hpc-mona/po-mso-all_chomp_pb_4_7_pe_.mona.rev.neg,ERROR,0.002036643999999997,0.47095465660095215,"token too large, exceeds YYLMAX
"
hpc-mona/chomp_pb_4_2_pe_.mona,SUCCESS,0.0019899170000000008,0.8338992595672607,
hpc-mona/chomp_pb_4_2_pe_.mona.rev,SUCCESS,0.0019341750000000033,4.170974254608154,
hpc-mona/chomp_pb_4_2_pe_.mona.rev.neg,SUCCESS,0.0020450090000000004,4.1557958126068115,
hpc-mona/po-mso-0_chomp_pb_4_2_pe_.mona,SUCCESS,0.0020368750000000005,0.8370728492736816,
hpc-mona/po-mso-0_chomp_pb_4_2_pe_.mona.quant,SUCCESS,0.0019905220000000015,0.8624515533447266,
hpc-mona/po-mso-0_chomp_pb_4_2_pe_.mona.rev,SUCCESS,0.002033348999999997,4.148895502090454,
hpc-mona/po-mso-0_chomp_pb_4_2_pe_.mona.rev.neg,SUCCESS,0.001982666000000001,3.984800100326538,
hpc-mona/po-mso-1-2_chomp_pb_4_2_pe_.mona,SUCCESS,0.001964940999999998,0.8303580284118652,
hpc-mona/po-mso-1-2_chomp_pb_4_2_pe_.mona.quant,SUCCESS,0.002152040000000001,1.033355712890625,
hpc-mona/po-mso-1-2_chomp_pb_4_2_pe_.mona.rev,SUCCESS,0.0020318739999999995,3.398606300354004,
hpc-mona/po-mso-1-2_chomp_pb_4_2_pe_.mona.rev.neg,SUCCESS,0.0019852169999999975,3.6419856548309326,
hpc-mona/po-mso-all_chomp_pb_4_2_pe_.mona,SUCCESS,0.0023561460000000034,0.8043150901794434,
hpc-mona/po-mso-all_chomp_pb_4_2_pe_.mona.quant,SUCCESS,0.0019962370000000014,0.526188850402832,
hpc-mona/po-mso-all_chomp_pb_4_2_pe_.mona.rev,SUCCESS,0.001997556000000001,3.330996513366699,
hpc-mona/po-mso-all_chomp_pb_4_2_pe_.mona.rev.neg,SUCCESS,0.0019733370000000056,3.3885676860809326,
hpc-mona/chomp_pb_2_6_pe_.mona,ERROR,0.0029700750000000004,25.477501392364502,
hpc-mona/chomp_pb_2_6_pe_.mona.rev,ERROR,0.002849232,5.5804359912872314,
hpc-mona/chomp_pb_2_6_pe_.mona.rev.neg,ERROR,0.0029635720000000003,5.601378679275513,
hpc-mona/po-mso-0_chomp_pb_2_6_pe_.mona,ERROR,0.0030258229999999995,20.467790365219116,
hpc-mona/po-mso-0_chomp_pb_2_6_pe_.mona.quant,ERROR,0.0026466939999999998,21.59628987312317,
hpc-mona/po-mso-0_chomp_pb_2_6_pe_.mona.rev,ERROR,0.0030801550000000002,5.608314514160156,
hpc-mona/po-mso-0_chomp_pb_2_6_pe_.mona.rev.neg,ERROR,0.0028886919999999996,5.574921369552612,
hpc-mona/po-mso-1-2_chomp_pb_2_6_pe_.mona,ERROR,0.002747755,23.41577911376953,
hpc-mona/po-mso-1-2_chomp_pb_2_6_pe_.mona.quant,ERROR,0.0022387780000000003,23.119084358215332,
hpc-mona/po-mso-1-2_chomp_pb_2_6_pe_.mona.rev,ERROR,0.0021444079999999996,5.185787916183472,
hpc-mona/po-mso-1-2_chomp_pb_2_6_pe_.mona.rev.neg,ERROR,0.0021940930000000003,5.179680109024048,
hpc-mona/po-mso-all_chomp_pb_2_6_pe_.mona,ERROR,0.002119465000000001,25.91029930114746,
hpc-mona/po-mso-all_chomp_pb_2_6_pe_.mona.quant,ERROR,0.002143530999999999,26.981463193893433,
hpc-mona/po-mso-all_chomp_pb_2_6_pe_.mona.rev,ERROR,0.0022075310000000004,5.06109356880188,
hpc-mona/po-mso-all_chomp_pb_2_6_pe_.mona.rev.neg,ERROR,0.002172611999999999,5.317264556884766,
hpc-mona/chomp_pb_3_4_pe_.mona,ERROR,0.002281921,24.63793444633484,
hpc-mona/chomp_pb_3_4_pe_.mona.rev,ERROR,0.002208237999999998,6.3448755741119385,
hpc-mona/chomp_pb_3_4_pe_.mona.rev.neg,ERROR,0.002993814,6.267980337142944,
hpc-mona/po-mso-0_chomp_pb_3_4_pe_.mona,ERROR,0.0026372699999999997,24.489800691604614,
hpc-mona/po-mso-0_chomp_pb_3_4_pe_.mona.quant,ERROR,0.00222332,24.45740056037903,
hpc-mona/po-mso-0_chomp_pb_3_4_pe_.mona.rev,ERROR,0.0022267310000000026,6.333226919174194,
hpc-mona/po-mso-0_chomp_pb_3_4_pe_.mona.rev.neg,ERROR,0.0022410480000000007,6.565046787261963,
hpc-mona/po-mso-1-2_chomp_pb_3_4_pe_.mona,ERROR,0.0024673839999999995,23.437316179275513,
hpc-mona/po-mso-1-2_chomp_pb_3_4_pe_.mona.quant,ERROR,0.002143580000000001,23.46184992790222,
hpc-mona/po-mso-1-2_chomp_pb_3_4_pe_.mona.rev,ERROR,0.0021930440000000016,6.266746282577515,
hpc-mona/po-mso-1-2_chomp_pb_3_4_pe_.mona.rev.neg,ERROR,0.0022300429999999993,6.207359790802002,
hpc-mona/po-mso-all_chomp_pb_3_4_pe_.mona,ERROR,0.0021220400000000004,20.30920696258545,
hpc-mona/po-mso-all_chomp_pb_3_4_pe_.mona.quant,ERROR,0.002138905,22.80299711227417,
hpc-mona/po-mso-all_chomp_pb_3_4_pe_.mona.rev,ERROR,0.0022283410000000017,6.000271558761597,
hpc-mona/po-mso-all_chomp_pb_3_4_pe_.mona.rev.neg,ERROR,0.0021895390000000008,5.96190071105957,
hpc-mona/chomp_pb_2_3_pe_.mona,SUCCESS,0.0021545350000000026,0.13006067276000977,
hpc-mona/chomp_pb_2_3_pe_.mona.rev,SUCCESS,0.002090821999999999,0.24797868728637695,
hpc-mona/chomp_pb_2_3_pe_.mona.rev.neg,SUCCESS,0.002077739000000002,0.24496889114379883,
hpc-mona/po-mso-0_chomp_pb_2_3_pe_.mona,SUCCESS,0.002084763,0.12846732139587402,
hpc-mona/po-mso-0_chomp_pb_2_3_pe_.mona.quant,SUCCESS,0.0020764269999999987,0.1288609504699707,
hpc-mona/po-mso-0_chomp_pb_2_3_pe_.mona.rev,SUCCESS,0.002125136999999999,0.3002302646636963,
hpc-mona/po-mso-0_chomp_pb_2_3_pe_.mona.rev.neg,SUCCESS,0.002231643999999998,0.29134058952331543,
hpc-mona/po-mso-1-2_chomp_pb_2_3_pe_.mona,SUCCESS,0.002434374999999999,0.15865421295166016,
hpc-mona/po-mso-1-2_chomp_pb_2_3_pe_.mona.quant,SUCCESS,0.002422951999999999,0.21099424362182617,
hpc-mona/po-mso-1-2_chomp_pb_2_3_pe_.mona.rev,SUCCESS,0.002306375999999999,0.31059718132019043,
hpc-mona/po-mso-1-2_chomp_pb_2_3_pe_.mona.rev.neg,SUCCESS,0.002505951000000003,0.31491804122924805,
hpc-mona/po-mso-all_chomp_pb_2_3_pe_.mona,SUCCESS,0.002426932999999999,0.16042232513427734,
hpc-mona/po-mso-all_chomp_pb_2_3_pe_.mona.quant,SUCCESS,0.002154340000000001,0.16088104248046875,
hpc-mona/po-mso-all_chomp_pb_2_3_pe_.mona.rev,SUCCESS,0.002500658000000003,0.31366944313049316,
hpc-mona/po-mso-all_chomp_pb_2_3_pe_.mona.rev.neg,SUCCESS,0.002433134,0.3150510787963867,
hpc-mona/chomp_pb_3_2_pe_.mona,SUCCESS,0.002266398000000003,0.17136406898498535,
hpc-mona/chomp_pb_3_2_pe_.mona.rev,SUCCESS,0.002568540000000001,0.3469400405883789,
hpc-mona/chomp_pb_3_2_pe_.mona.rev.neg,SUCCESS,0.0024958869999999952,0.35025644302368164,
hpc-mona/po-mso-0_chomp_pb_3_2_pe_.mona,SUCCESS,0.0024665630000000015,0.19060325622558594,
hpc-mona/po-mso-0_chomp_pb_3_2_pe_.mona.quant,SUCCESS,0.002206743000000004,0.1785881519317627,
hpc-mona/po-mso-0_chomp_pb_3_2_pe_.mona.rev,SUCCESS,0.0021605639999999968,0.2876744270324707,
hpc-mona/po-mso-0_chomp_pb_3_2_pe_.mona.rev.neg,SUCCESS,0.0022898150000000006,0.3436005115509033,
hpc-mona/po-mso-1-2_chomp_pb_3_2_pe_.mona,SUCCESS,0.0021679489999999954,0.1389937400817871,
hpc-mona/po-mso-1-2_chomp_pb_3_2_pe_.mona.quant,SUCCESS,0.0023596959999999997,0.190018892288208,
hpc-mona/po-mso-1-2_chomp_pb_3_2_pe_.mona.rev,SUCCESS,0.002304091000000001,0.3396587371826172,
hpc-mona/po-mso-1-2_chomp_pb_3_2_pe_.mona.rev.neg,SUCCESS,0.002112731999999992,0.2894105911254883,
hpc-mona/po-mso-all_chomp_pb_3_2_pe_.mona,SUCCESS,0.002355297000000001,0.16903376579284668,
hpc-mona/po-mso-all_chomp_pb_3_2_pe_.mona.quant,SUCCESS,0.002561015,0.16229009628295898,
hpc-mona/po-mso-all_chomp_pb_3_2_pe_.mona.rev,SUCCESS,0.0022542379999999987,0.34053659439086914,
hpc-mona/po-mso-all_chomp_pb_3_2_pe_.mona.rev.neg,SUCCESS,0.002231035999999992,0.2886061668395996,
